age,author,image_url,name,size,time,year
"18,+",Александр и Евгения Гедеон,https://i2.mybook.io/p/x378/book_covers/c9/b1/c9b1b0f5-6e75-4a70-bf79-96b804dd8d9f.jpg,Ад идёт с нами,341 Мбайт,12 час. 13 мин.,"2021,,год"
"16,+",Александр Санфиров,https://i3.mybook.io/p/x378/book_covers/07/4f/074f92a3-eb58-4561-85a0-39c437dd7c32.jpg,Вторая жизнь,462 Мбайт,8 час. 25 мин.,"2018,,год"
"16,+",Дмитрий Найденов,https://i2.mybook.io/p/x378/book_covers/d7/2d/d72db823-3f7e-42c2-a7f5-c2635a312ede.jpg,Разлом. Оружейный магнат. Книга четвёртая,433 Мбайт,7 час. 52 мин.,"2022,,год"
"16,+",Михаил Уткин,https://i3.mybook.io/p/x378/book_covers/6d/98/6d98de3f-28f7-4c48-aa02-7c0fa86fafd0.jpg,Ездовой гном. Захребетье,220 Мбайт,7 час. 44 мин.,"2020,,год"
"16,+","Сергей Лукьяненко,Валентин Холмогоров",https://i3.mybook.io/p/x378/book_covers/2a/5d/2a5df6f3-ddaf-43f6-a503-32a1ed7ec435.jpg,Очаг,586 Мбайт,10 час. 40 мин.,"2018,,год"
"16,+",Михаил Уткин,https://i2.mybook.io/p/x378/book_covers/df/d7/dfd7b87a-7588-4f41-ac36-17b0c4e34dd4.jpg,Ездовой гном 4. Сила,257 Мбайт,8 час.,"2020,,год"
"16,+",Сергей Лукьяненко,https://i2.mybook.io/p/x378/book_covers/03/08/03081a48-c6b4-4e27-b4b8-ddeabd9e19ae.jpg,Месяц за Рубиконом,268 Мбайт,12 час. 8 мин.,"2022,,год"
"16,+",Олег Дивов,https://i2.mybook.io/p/x378/book_covers/aa/e3/aae3f0de-e87e-4424-975b-9814618ae663.jpg,Симбионты,"Время чтения ≈,9,ч",329 печатных страниц,"2010,,год"
"16,+",Роман Злотников,https://i2.mybook.io/p/x378/book_covers/44/b9/44b990c9-11f4-4e5b-b697-07574c84dbd8.jpg,Швейцарец,654 Мбайт,11 час. 54 мин.,"2018,,год"
"12,+","Роман Злотников,Антон Краснов",https://i3.mybook.io/p/x378/book_covers/88/8a/888a9c81-4628-4f11-8006-842b0b1454b2.jpg,Сквозь Тьму и… Тьму,"Время чтения ≈,8,ч",285 печатных страниц,"2011,,год"
"16,+",Анна Одувалова,https://i1.mybook.io/p/x378/book_covers/06/15/0615c0a7-a7f8-47a0-838e-25d886aa4c3b.jpg,Воровка с того света,357 Мбайт,6 час. 29 мин.,"2022,,год"
"16,+",Дмитрий Найденов,https://i2.mybook.io/p/x378/book_covers/4e/3d/4e3d96bd-e418-4898-9c73-3f85328e6174.jpg,Разлом. Книга первая,418 Мбайт,7 час. 36 мин.,"2022,,год"
"16,+",Олег Дивов,https://i3.mybook.io/p/x378/book_covers/4b/0f/4b0fce3c-f9cb-4998-a37e-11a3d300b723.jpg,К-10 (сборник),"Время чтения ≈,8,ч",316 печатных страниц,"2005,,год"
"16,+",Ольга Славникова,https://i1.mybook.io/p/x378/book_covers/0e/48/0e48c0de-7eb0-493c-9291-602b886dd4a8.jpg,Прыжок в длину,889 Мбайт,16 час. 11 мин.,"2018,,год"
"18,+","Алёна Харитонова,Алексей Ильин",https://i1.mybook.io/p/x378/book_covers/e9/da/e9da0e67-244a-4894-b28d-0da232bcf3da.jpg,Каждый за себя. Победителей не судят,603 Мбайт,10 час. 56 мин.,"2022,,год"
"18,+","Алёна Харитонова,Алексей Ильин",https://i1.mybook.io/p/x378/book_covers/eb/cd/ebcdd4a6-91df-4752-bf66-562f56d0159f.jpg,Каждый за себя. Начало игры,676 Мбайт,12 час. 10 мин.,"2022,,год"
"16,+",Павел Корнев,https://i3.mybook.io/p/x378/book_covers/95/f7/95f70277-b1c2-4d50-b0fa-41fabd925e76.jpg,Повязанный кровью,280 Мбайт,13 час. 6 мин.,"2016,,год"
"16,+",Михаил Уткин,https://i3.mybook.io/p/x378/book_covers/71/57/7157fb61-0604-4e6b-a304-748da130864f.jpg,Ездовой гном. Битва,238 Мбайт,8 час. 3 мин.,"2021,,год"
"16,+",Михаил Назаров,https://i3.mybook.io/p/x378/book_covers/12/33/1233dc2a-74cf-48eb-ae58-af44b01dba0a.jpg,Заброшенное метро,383 Мбайт,6 час. 58 мин.,"2021,,год"
"12,+",Олег Дивов,https://i2.mybook.io/p/x378/book_covers/2a/ca/2aca6eb4-c845-44f8-979f-65bbc439a6e2.jpg,Симбионты,643 Мбайт,11 час. 43 мин.,"2011,,год"
"18,+",Иар Эльтеррус,https://i2.mybook.io/p/x378/book_covers/06/69/0669f692-e65b-4520-a48c-2c3ccc9652bd.jpg,Безумие Бардов,939 Мбайт,17 час. 5 мин.,"2018,,год"
"18,+",Ольга Олие,https://i3.mybook.io/p/x378/book_covers/b6/7b/b67be4df-95d8-45cf-aac5-40d4a8eebdc7.jpg,Принцесса из пансиона,490 Мбайт,8 час. 54 мин.,"2022,,год"
"18,+",Леонид Штыка,https://i3.mybook.io/p/x378/book_covers/00/74/00747fb9-b664-4733-bcb1-95e2f85010a4.jpg,Третий Проект,"Время чтения ≈,4,ч",130 печатных страниц,"2017,,год"
"16,+",Денис Бурмистров,https://i3.mybook.io/p/x378/book_covers/eb/f9/ebf9d848-3a34-4d67-bbf4-721e622fa7ec.jpg,Перевал,39 Мбайт,42 мин.,"2018,,год"
"16,+",Владислав Савин,https://i2.mybook.io/p/x378/book_covers/bb/4e/bb4e77a5-8406-4e73-b40e-44bddda021ae.jpg,Война или мир,1089 Мбайт,19 час. 49 мин.,"2018,,год"
"16,+",Евгений Лукин,https://i3.mybook.io/p/x378/book_covers/06/91/0691924a-1c18-4898-8ef2-c912dfc54258.jpg,"Майская ночь, или Утопленницы","Время чтения ≈,9,ч",355 печатных страниц,"2023,,год"
"18,+",Таня Свон,https://i2.mybook.io/p/x378/book_covers/d5/c5/d5c5a730-5e51-4ba8-b662-f65ee2200f19.jpg,Театр кошмаров,"Время чтения ≈,12,ч",451 печатная страница,"2022,,год"
"16,+",Владислав Федосеев,https://i1.mybook.io/p/x378/book_covers/bb/bf/bbbf5c9a-3502-4551-ada3-b4d2f110b76b.jpg,Искра Вселенной,"Время чтения ≈,6,ч",207 печатных страниц,"2016,,год"
"16,+",Владимир Свержин,https://i3.mybook.io/p/x378/book_covers/d6/50/d6501a0b-23e0-4913-a22e-c12c64181ee0.jpg,Малиновка под колпаком,"Время чтения ≈,2,ч",74 печатные страницы,"2015,,год"
"0,+",Кир Булычев,https://i2.mybook.io/p/x378/book_covers/f8/4b/f84b6690-304a-4735-a6d4-dffddefa73b5.jpg,Лучшие рассказы,416 Мбайт,7 час. 34 мин.,"2021,,год"
"12,+",Владимир Шорохов,https://i3.mybook.io/p/x378/book_covers/3c/26/3c26a9c9-111f-4a04-a476-766629f01ebe.jpg,Весы времени,141 Мбайт,2 час. 34 мин.,"2023,,год"
"12,+",Олег Дивов,https://i1.mybook.io/p/x378/book_covers/be/72/be7273f6-8d4a-4564-9cbc-930cb764107f.jpg,Вредная профессия,49 Мбайт,53 мин.,"2017,,год"
"12,+","Роман Злотников,Антон Краснов",https://i3.mybook.io/p/x378/book_covers/a1/f9/a1f99964-e980-4fbb-aaee-59646f65b2d8.jpg,Псевдоним бога,584 Мбайт,10 час. 33 мин.,"2020,,год"
"16,+",Марк Амврелий,https://i2.mybook.io/p/x378/book_covers/d0/cc/d0cc098a-e1f6-481c-bdd6-e5b3e26da5b6.jpg,Идущий в тени 4,"Время чтения ≈,6,ч",224 печатные страницы,"2023,,год"
"16,+",Ярослав Барсуков,https://i3.mybook.io/p/x378/book_covers/cb/39/cb390464-79d8-4467-8c42-eb8b800dea0e.jpg,Башня из грязи и веток,"Время чтения ≈,6,ч",224 печатные страницы,"2022,,год"
"18,+",Ольга Олие,https://i2.mybook.io/p/x378/book_covers/45/bf/45bfc7e7-0316-4b31-87de-069ece6144fe.jpg,Демонолог некроманту… не пара?,447 Мбайт,8 час. 8 мин.,"2022,,год"
"16,+","Юрий Тарарев,Александр Тарарев",https://i3.mybook.io/p/x378/book_covers/00/29/00297650-0759-4aac-9e85-e1ac0e81d30e.jpg,Милкомеда. Книга 3. Оперативный маневр,364 Мбайт,6 час. 35 мин.,"2022,,год"
"18,+",Николай Костомаров,https://i2.mybook.io/p/x378/book_covers/38/28/382860a5-8d97-45b4-869f-16e665823845.jpg,Скотской бунт,41 Мбайт,1 час 3 мин.,"2020,,год"
"12,+",Олег Дивов,https://i2.mybook.io/p/x378/book_covers/cd/e6/cde6bd0a-1663-4bc6-ada8-0da83994eeaa.jpg,Вредная профессия,58 Мбайт,1 час 3 мин.,"2017,,год"
"16,+",Евгений Лукин,https://i3.mybook.io/p/x378/book_covers/21/d9/21d9f5a7-d3ca-4c90-8767-645782991629.jpg,Эпидемия,"Время чтения ≈,9,ч",336 печатных страниц,"2023,,год"
"12,+","Юрий Тарарев,Александр Тарарев",https://i1.mybook.io/p/x378/book_covers/92/a6/92a60576-147c-4bc7-804c-d50295f49dbb.jpg,Превентивный удар,564 Мбайт,10 час. 16 мин.,"2021,,год"
"12,+","Юрий Тарарев,Александр Тарарев",https://i1.mybook.io/p/x378/book_covers/28/32/28324b4a-08a5-4ae1-ab4f-b593d56eb4e1.jpg,Доминирование,312 Мбайт,5 час. 40 мин.,"2022,,год"
"18,+",Виталий Свадьбин,https://i2.mybook.io/p/x378/book_covers/24/31/243130d5-5a52-46d9-8477-3c1a1e43c5ce.jpg,Воскрешение. Павел Первый,774 Мбайт,14 час. 5 мин.,"2023,,год"
"18,+",Александр Житинский,https://i3.mybook.io/p/x378/book_covers/c6/4a/c64a0096-b271-4364-9f13-f21c4faaae44.jpg,Снюсь + лекция,530 Мбайт,9 час. 35 мин.,"2021,,год"
"12,+","Роман Злотников,Антон Краснов",https://i1.mybook.io/p/x378/book_covers/97/9e/979ea0da-b1be-47e4-b9a1-9c604d85db66.jpg,Книга Бездн,444 Мбайт,8 час. 5 мин.,"2020,,год"
"16,+",Андрей Кокоулин,https://i2.mybook.io/p/x378/book_covers/4e/6b/4e6bae82-b966-4c1d-bb8e-8cda2011caed.jpg,Что мы сделаем с Макаром,75 Мбайт,54 мин.,"2023,,год"
"16,+",Дмитрий Найденов,https://i2.mybook.io/p/x378/book_covers/19/77/197773ed-3b4f-4fd2-9753-810a6d803f88.jpg,Николай Второй. Книга десятая. Вторая мировая война 1931 года,385 Мбайт,7 час.,"2022,,год"
"18,+",Ю_ШУТОВА,https://i3.mybook.io/p/x378/book_covers/f8/9f/f89f7d53-f201-4de6-9f6d-96de22ae7b89.jpg,Все зависит от кошек,190 Мбайт,3 час. 27 мин.,"2021,,год"
"16,+",Ярослав Барсуков,https://i1.mybook.io/p/x378/book_covers/f8/2d/f82d7b0c-a078-4772-8dca-9a763a35342f.jpg,Башня из грязи и веток,433 Мбайт,7 час. 53 мин.,"2022,,год"
"16,+","Юрий Тарарев,Александр Тарарев",https://i2.mybook.io/p/x378/book_covers/66/28/6628818b-cbab-441d-96e4-9d66ac99fa71.jpg,До последнего вздоха,556 Мбайт,10 час. 7 мин.,"2022,,год"
"12,+","Роман Злотников,Антон Краснов",https://i3.mybook.io/p/x378/book_covers/82/3a/823a6783-5cab-469c-a407-23382deb037c.jpg,Сквозь Тьму и… Тьму,451 Мбайт,8 час. 14 мин.,"2020,,год"
"16,+",Денис Бурмистров,https://i2.mybook.io/p/x378/book_covers/61/98/619813bd-078e-41cb-be4e-fda4e689528c.jpg,Четыре всадника,"Время чтения ≈,1,ч",18 печатных страниц,"2023,,год"
"12,+",Олег Дивов,https://i3.mybook.io/p/x378/book_covers/99/89/99898516-f60a-4541-b636-e5e96535d6f1.jpg,Вредная профессия,48 Мбайт,52 мин.,"2017,,год"
"16,+",Павел Корнев,https://i3.mybook.io/p/x378/book_covers/59/3a/593a62d0-47d3-4620-a470-739b5db28bf3.jpg,Одержимость,46 Мбайт,50 мин.,"2017,,год"
"16,+",Денис Бурмистров,https://i3.mybook.io/p/x378/book_covers/dc/e0/dce07937-3475-47fd-933b-6f222e94a685.jpg,Четыре всадника,42 Мбайт,46 мин.,"2018,,год"
"12,+","Роман Злотников,Антон Краснов",https://i2.mybook.io/p/x378/book_covers/01/4e/014e8fa7-4b0d-4c2a-a64d-b0efac859d70.jpg,Чужой монастырь,603 Мбайт,11 час.,"2020,,год"
"16,+",Ю_ШУТОВА,https://i2.mybook.io/p/x378/book_covers/a3/6f/a36fcfe6-7606-4ac2-ad7c-88a57720143f.jpg,Маленький синенький большой желтый,41 Мбайт,45 мин.,"2022,,год"
"18,+",Морвейн Ветер,https://i3.mybook.io/p/x378/book_covers/4a/44/4a44f678-db84-492a-b734-65d72131ac56.jpg,Трофей,502 Мбайт,9 час. 8 мин.,"2022,,год"
"16,+",Эль Дарун,https://i1.mybook.io/p/x378/book_covers/45/4a/454ae4fc-809a-4fd9-a783-07f9eaaee6b3.jpg,Красные лисы,"Время чтения ≈,10,ч",383 печатные страницы,"2023,,год"
"12,+",Олег Дивов,https://i3.mybook.io/p/x378/book_covers/a1/08/a10881e3-9bb9-43ee-98ac-65d76030ae6f.jpg,К-10 (сборник),1379 Мбайт,25 час. 6 мин.,"2017,,год"
"18,+",Никита Костылев,https://i1.mybook.io/p/x378/book_covers/43/15/4315c026-9ec8-4ee2-9118-2b0d6400c0f0.jpg,Пустынник. Война,574 Мбайт,10 час. 27 мин.,"2021,,год"
"18,+",Вячеслав Вигриян,https://i3.mybook.io/p/x378/book_covers/9f/95/9f959391-62fe-482f-99f0-ca8635ab63d1.jpg,Гражданин Империи,"Время чтения ≈,8,ч",300 печатных страниц,"2017,,год"
"16,+",Мирон Высота,https://i2.mybook.io/p/x378/book_covers/7b/b5/7bb5f76f-3b1f-41e6-b99b-554845d520e6.jpg,Ганз Кристиан,57 Мбайт,2 час. 6 мин.,"2022,,год"
"16,+",Денис Бурмистров,https://i1.mybook.io/p/x378/book_covers/a5/eb/a5eb02b5-b450-435e-81e7-448b4a887601.jpg,Перевал,"Время чтения ≈,1,ч",17 печатных страниц,"2023,,год"
"16,+",Алексей Калугин,https://i3.mybook.io/p/x378/book_covers/e4/ba/e4bab4e7-1297-4e16-a832-2c3580316b64.jpg,Полет мотылька,364 Мбайт,10 час. 39 мин.,"2019,,год"
"16,+",Александра Райт,https://i3.mybook.io/p/x378/book_covers/93/77/937750eb-afa9-47f1-9b3c-a902a90436e1.jpg,Кома. Жизнь на грани,571 Мбайт,10 час. 23 мин.,"2023,,год"
"12,+",Аэгис,https://i3.mybook.io/p/x378/book_covers/9f/9a/9f9a8f73-f14b-45a6-a371-86ae4838eebc.jpg,Конькобежцы,38 Мбайт,1 час 23 мин.,"2023,,год"
"18,+",Вячеслав Вигриян,https://i2.mybook.io/p/x378/book_covers/76/45/76457157-d0d6-4349-bb51-8b6e6db2c8d6.jpg,СИРТИ,"Время чтения ≈,8,ч",286 печатных страниц,"2017,,год"
"16,+",Ольга Zimmer,https://i3.mybook.io/p/x378/book_covers/e3/2f/e32fb271-12dc-4d71-845a-403e2ee19e06.jpg,Перекрёсток ИКС,7 Мбайт,17 мин.,"2023,,год"
"16,+",Марк Пепелица,https://i1.mybook.io/p/x378/book_covers/00/ef/00efe883-8924-44df-a979-bf31eae58463.jpg,Фабрика Добра и Фабрика Зла,287 Мбайт,10 час. 27 мин.,"2022,,год"
"16,+",Licsedy,https://i1.mybook.io/p/x378/book_covers/3c/7c/3c7c8ae7-9c31-45ea-95d1-7932dceca43c.jpg,Врата. Открытие,160 Мбайт,5 час. 50 мин.,"2023,,год"
"18,+",А. Числов,https://i2.mybook.io/p/x378/book_covers/5f/82/5f82f644-a202-4bb6-9159-92f4f74693a3.jpg,Ковер-самолет и другие повести,153 Мбайт,5 час. 56 мин.,"2019,,год"
"16,+",Дарья Новодворская,https://i2.mybook.io/p/x378/book_covers/da/85/da85b7fa-f747-4af1-82e3-1765da90f24f.jpg,Кеша,8 Мбайт,11 мин.,"2023,,год"
"18,+",Виктор Точинов,https://i2.mybook.io/p/x378/book_covers/d0/51/d0512823-7a07-421c-8d79-060404b2618d.jpg,Георгиевский крест,"Время чтения ≈,3,ч",90 печатных страниц,"2019,,год"
"18,+",Макс Димур,https://i2.mybook.io/p/x378/book_covers/18/5d/185dd292-e6d4-4ec0-8c39-78468f877522.jpg,Кошачий царь. Книга первая,283 Мбайт,10 час. 19 мин.,"2022,,год"
"16,+",Николай Кадыков,https://i3.mybook.io/p/x378/book_covers/d4/2b/d42b5f7f-4922-407c-b90d-10f24508ce1c.jpg,Друг в отражении,11 Мбайт,15 мин.,"2023,,год"
"16,+",Ольга Zimmer,https://i1.mybook.io/p/x378/book_covers/ae/b0/aeb07fe6-9bcc-43be-a197-488e6bb983e4.jpg,Перекрёсток ИКС,"Время чтения ≈,1,ч",7 печатных страниц,"2023,,год"
"12,+",Николай Ковалёв,https://i3.mybook.io/p/x378/book_covers/cc/c3/ccc3986b-8ca6-4be1-a7ce-9b438b262887.jpg,Счастливый билет,"Время чтения ≈,1,ч",15 печатных страниц,"2023,,год"
"12,+",Артур Арапов,https://i1.mybook.io/p/x378/book_covers/ca/3a/ca3abb03-d26e-484f-af7a-fabc8cbbd8e7.jpg,Изобретатель,283 Мбайт,5 час. 9 мин.,"2023,,год"
"0,+",Сборник,https://i1.mybook.io/p/x378/book_covers/63/8b/638b7250-c433-44d8-a8cd-594d9bc98e8f.jpg,Грёзы третьей планеты,"Время чтения ≈,7,ч",277 печатных страниц,"2022,,год"
"16,+",Сергей Семенов,https://i3.mybook.io/p/x378/book_covers/d7/2f/d72f6206-3090-4bcb-9d7f-67e9e7d68957.jpg,Рыжик,"Время чтения ≈,3,ч",94 печатные страницы,"2022,,год"
"18,+",Сергей Гончаров,https://i1.mybook.io/p/x378/book_covers/cd/15/cd1511ce-74fb-40ef-96bf-fc780934f4e9.jpg,Последний берег,436 Мбайт,7 час. 56 мин.,"2021,,год"
"12,+",Кристина Грибкова,https://i1.mybook.io/p/x378/book_covers/1f/d0/1fd0ac55-b9d1-4acb-86fd-995fe227f3f5.jpg,Фабрика Добра и Фабрика Зла,"Время чтения ≈,1,ч",24 печатные страницы,"2021,,год"
"16,+",Licsedy,https://i1.mybook.io/p/x378/book_covers/f6/21/f621853a-02d6-42eb-a87f-f45ce0d91026.jpg,Врата. Открытие,"Время чтения ≈,4,ч",159 печатных страниц,"2022,,год"
"0,+",Федор Березин,https://i1.mybook.io/p/x378/book_covers/34/70/347080d9-622c-4534-b526-d644d33d4483.jpg,Покушение на Еву,208 Мбайт,3 час. 48 мин.,"2020,,год"
"16,+",Александр Ступин,https://i3.mybook.io/p/x378/book_covers/7e/1b/7e1b5bd9-f2b4-4fff-863d-c26fb914be83.jpg,Одинокий,"Время чтения ≈,7,ч",269 печатных страниц,"2021,,год"
"16,+",Алексей Калугин,https://i2.mybook.io/p/x378/book_covers/0f/44/0f445953-44e5-43d4-a11a-c6fdbe788116.jpg,Игра в реальность,643 Мбайт,12 час. 29 мин.,"2018,,год"
"12,+",Владимир Шорохов,https://i3.mybook.io/p/x378/book_covers/ea/aa/eaaa2ba1-296c-4459-b139-4380b070b7c5.jpg,Амбарная книга,192 Мбайт,3 час. 11 мин.,"2022,,год"
"16,+",Мария Заболотская,https://i1.mybook.io/p/x378/book_covers/45/cc/45cc7555-6455-4fa5-a0f8-f3e79d8740ff.jpg,И.о. поместного чародея. Книга 1,1154 Мбайт,21 час. 18 мин.,"2023,,год"
"18,+",Ирина Снегирева,https://i2.mybook.io/p/x378/book_covers/87/24/8724471f-9985-4b43-974e-c3d5a1530fe7.jpg,"Факультет анимагии, или Если не хочется замуж",664 Мбайт,12 час. 38 мин.,"2023,,год"
"18,+",Ник Алнек,https://i3.mybook.io/p/x378/book_covers/c9/85/c985277d-fd2c-4a37-930f-35e5ee1ce95e.jpg,Нет пути назад,180 Мбайт,6 час. 33 мин.,"2023,,год"
"16,+",Мария Заболотская,https://i2.mybook.io/p/x378/book_covers/79/22/79224585-2de7-4e4f-a3ea-b3edbc3023ce.jpg,И.о. поместного чародея. Книга 2,1352 Мбайт,24 час. 54 мин.,"2023,,год"
"12,+",Аэгис,https://i2.mybook.io/p/x378/book_covers/55/8b/558b6a5a-ed96-43b7-b152-68a6517ee0c1.jpg,Конькобежцы,"Время чтения ≈,1,ч",36 печатных страниц,"2023,,год"
"16,+",Владимир Шорохов,https://i2.mybook.io/p/x378/book_covers/75/b4/75b411d3-b079-48a1-9687-ad55694f173a.jpg,Вторая попытка,"Время чтения ≈,2,ч",69 печатных страниц,"2023,,год"
"12,+",Владимир Шорохов,https://i2.mybook.io/p/x378/book_covers/f6/6c/f66cde6a-71aa-4145-8741-a14d18b28694.jpg,Проект Лекси,"Время чтения ≈,3,ч",88 печатных страниц,"2023,,год"
"16,+","Юрий Тарарев,Александр Тарарев",https://i2.mybook.io/p/x378/book_covers/27/d2/27d2e717-633e-4caa-9248-a36003c77f57.jpg,Колыбель цивилизаций. Книга 1,"Время чтения ≈,10,ч",379 печатных страниц,"2023,,год"
"16,+",Владимир Шорохов,https://i1.mybook.io/p/x378/book_covers/c3/e4/c3e4ed93-0371-4b7f-ae13-7d4e3022a1ed.jpg,Проект Лекси,178 Мбайт,3 час. 14 мин.,"2021,,год"
"16,+",Ян Бадевский,https://i2.mybook.io/p/x378/book_covers/2b/be/2bbe59dc-45c4-4999-a9b4-7d7de7a3defb.jpg,Предельные Чертоги,"Время чтения ≈,7,ч",275 печатных страниц,"2024,,год"
"6,+",А Лукьянов,https://i3.mybook.io/p/x378/book_covers/2b/fd/2bfd48f6-7974-4206-ac52-bf56d922fddd.jpg,Время презумпций,"Время чтения ≈,2,ч",50 печатных страниц,"2018,,год"
"16,+",Руслан Тенишев,https://i3.mybook.io/p/x378/book_covers/b5/77/b577472f-5fda-40e5-b5d7-851316649de8.jpg,Временем управляет только время,"Время чтения ≈,3,ч",92 печатные страницы,"2020,,год"
"16,+",Василий Звягинцев,https://i2.mybook.io/p/x378/book_covers/e1/23/e123169b-35ad-4f1f-901f-54a9713dd96a.jpg,Гамбит Бубновой Дамы,391 Мбайт,7 час. 7 мин.,"2019,,год"
"12,+",А Лукьянов,https://i1.mybook.io/p/x378/book_covers/2f/2f/2f2f3d5d-5651-422f-90f7-287f1e3fad94.jpg,Путешествие,"Время чтения ≈,3,ч",93 печатные страницы,"2018,,год"
"16,+","Михаил Вильдт,Людвиг Вильдт",https://i1.mybook.io/p/x378/book_covers/b5/1d/b51dd44c-8567-4057-a56a-5c3d89520f6d.jpg,Большая игра в рукаве Ориона. Роман первый: Неизвестная сигнатура,"Время чтения ≈,5,ч",195 печатных страниц,"2020,,год"
"16,+","Юрий Тарарев,Александр Тарарев",https://i1.mybook.io/p/x378/book_covers/66/b4/66b48c63-4ea8-4719-91db-ae1e3b2c2815.jpg,Колыбель цивилизаций,679 Мбайт,12 час. 20 мин.,"2021,,год"
"16,+",Дмитрий Найденов,https://i2.mybook.io/p/x378/book_covers/7a/26/7a262894-e303-4c67-a104-5a4b069740c4.jpg,Разлом. Оружейный магнат. Книга четвёртая,"Время чтения ≈,6,ч",223 печатные страницы,"2022,,год"
"18,+",Сергей Скиба,https://i3.mybook.io/p/x378/book_covers/24/43/24432b0d-8247-439a-9dd1-8462b4637375.jpg,Шёпот,"Время чтения ≈,7,ч",249 печатных страниц,"2018,,год"
"18,+",Денис Артемьев,https://i1.mybook.io/p/x378/book_covers/d6/a0/d6a0c908-54f1-4a87-957e-47d0e7f7e585.jpg,Бей в сердце,"Время чтения ≈,4,ч",146 печатных страниц,"2024,,год"
"12,+",А Лукьянов,https://i2.mybook.io/p/x378/book_covers/9f/4c/9f4c405b-a7a2-430e-b681-c21dbcf718ad.jpg,Фантазия,"Время чтения ≈,1,ч",23 печатные страницы,"2018,,год"
"16,+",Василий Звягинцев,https://i3.mybook.io/p/x378/book_covers/bf/fd/bffd1d5c-d9d3-44e4-ace8-c4e098c7ff26.jpg,Бульдоги под ковром,842 Мбайт,15 час. 22 мин.,"2019,,год"
"12,+",Галина Булахова,https://i1.mybook.io/p/x378/book_covers/8d/13/8d13af66-20dc-4056-aa8c-14bf19acd725.jpg,Сборник фантастики,"Время чтения ≈,1,ч",22 печатные страницы,"2015,,год"
"18,+",Марк Амврелий,https://i1.mybook.io/p/x378/book_covers/81/21/812145f5-12bd-4569-8860-0352c2ce1de0.jpg,Идущий в тени,340 Мбайт,6 час. 11 мин.,"2023,,год"
"16,+",Максим Бушуев,https://i3.mybook.io/p/x378/book_covers/e3/1c/e31c9eb2-f5e4-41a0-943d-414ee54fe6e4.jpg,Резонатор 1. Шепчущие рядом,"Время чтения ≈,1,ч",15 печатных страниц,"2017,,год"
"16,+",Александр Кулик,https://i1.mybook.io/p/x378/book_covers/c6/83/c683368f-f376-46c6-8c0c-d9d529358786.jpg,На виниле,"Время чтения ≈,6,ч",225 печатных страниц,"2020,,год"
"12,+",А Лукьянов,https://i1.mybook.io/p/x378/book_covers/f7/96/f7969d09-97dc-4203-8dfa-7ac90d1e7f17.jpg,Извне,"Время чтения ≈,2,ч",68 печатных страниц,"2018,,год"
"12,+",Юлия Чернявская,https://i3.mybook.io/p/x378/book_covers/64/4d/644d6014-5d9c-4f20-90d7-5dc68ab51869.jpg,Последний шанс,"Время чтения ≈,4,ч",123 печатные страницы,"2022,,год"
"12,+",Владимир Шорохов,https://i3.mybook.io/p/x378/book_covers/f1/3a/f13ab1c1-df3f-4925-8fea-88fdfa94a40f.jpg,Весы времени,"Время чтения ≈,2,ч",58 печатных страниц,"2023,,год"
"16,+",А Лукьянов,https://i3.mybook.io/p/x378/book_covers/3a/56/3a569f7f-f150-4433-85e8-603a9a04f01e.jpg,Сборник фантастических рассказов,"Время чтения ≈,8,ч",306 печатных страниц,"2018,,год"
"18,+",Виталий Свадьбин,https://i3.mybook.io/p/x378/book_covers/0b/7a/0b7a741d-bb4f-493d-a097-2a6a6beda17c.jpg,Воскрешение. Павел Первый,"Время чтения ≈,10,ч",386 печатных страниц,"2023,,год"
"16,+",Владимир Шорохов,https://i1.mybook.io/p/x378/book_covers/06/f5/06f50808-be2c-46e1-8213-55a5c0c759c0.jpg,Вторая попытка,81 Мбайт,2 час. 58 мин.,"2022,,год"
"12,+",Наталья Пашова,https://i3.mybook.io/p/x378/book_covers/24/31/2431b893-ca5a-4fe0-b923-e40ecbbf8d5e.jpg,Гости из параллельных миров,"Время чтения ≈,3,ч",91 печатная страница,"2018,,год"
"16,+",Дмитрий Леонидович,https://i1.mybook.io/p/x378/book_covers/08/73/0873f93c-cf32-4137-a0fe-3aca489d32fc.jpg,Хорошие убийцы 2. Западный Дарфур,"Время чтения ≈,6,ч",228 печатных страниц,"2023,,год"
"16,+",Михаил Назаров,https://i2.mybook.io/p/x378/book_covers/28/ed/28ed6930-ec54-493b-a7cd-7554586d2a2c.jpg,Заброшенное метро,"Время чтения ≈,5,ч",181 печатная страница,"2021,,год"
"16,+",Татьяна Смирнова,https://i1.mybook.io/p/x378/book_covers/7a/91/7a915bb5-a5e1-40fb-a2d4-942e875ef6f3.jpg,Разбудили богатырей. Русское фэнтези,"Время чтения ≈,2,ч",40 печатных страниц,"2021,,год"
"12,+",Альтс Геймер,https://i3.mybook.io/p/x378/book_covers/f1/a4/f1a4545d-f90b-4587-b64b-586a7548e2e1.jpg,Орбитал,"Время чтения ≈,4,ч",131 печатная страница,"2020,,год"
"18,+",Хайдарали Усманов,https://i3.mybook.io/p/x378/book_covers/8b/54/8b54afe3-d326-496a-9940-805b4a4e0e40.jpg,Неучтённый фактор. Бег с препятствиями,"Время чтения ≈,8,ч",298 печатных страниц,"2020,,год"
"18,+",Демшус Криптор,https://i3.mybook.io/p/x378/book_covers/4e/f1/4ef153ab-582b-4ad0-b5a5-13543e9164cb.jpg,Семь стражей Сириллы. Горящая кровь,"Время чтения ≈,7,ч",265 печатных страниц,"2018,,год"
"16,+",Максим Бушуев,https://i2.mybook.io/p/x378/book_covers/4d/3e/4d3e3154-597b-44ba-b93b-1205ade21c15.jpg,Резонатор 2. Гости из прошлого,"Время чтения ≈,1,ч",12 печатных страниц,"2017,,год"
"18,+",Николай Лакутин,https://i1.mybook.io/p/x378/book_covers/84/32/8432ebfb-68e0-4b9a-9633-dabdb6acd6f2.jpg,Послание цивилизации. Сборник рассказов,"Время чтения ≈,1,ч",17 печатных страниц,"2018,,год"
"16,+",Виталий Кириллов,https://i3.mybook.io/p/x378/book_covers/75/b9/75b987e9-fd4e-4ccc-b594-f36814daa284.jpg,Ковчег 0.30.,"Время чтения ≈,1,ч",10 печатных страниц,"2023,,год"
"16,+",Дмитрий Найденов,https://i1.mybook.io/p/x378/book_covers/2e/0b/2e0bef02-a67b-4aa4-a6c7-bd8454929824.jpg,Николай Второй. Книга десятая. Вторая мировая война 1931 года,"Время чтения ≈,6,ч",223 печатные страницы,"2022,,год"
"16,+","Вадим Чернов,Сергей Белов",https://i3.mybook.io/p/x378/book_covers/5e/fa/5efa7d96-7fe3-4e47-ad3a-376055ba96b0.jpg,Который час,"Время чтения ≈,7,ч",250 печатных страниц,"2019,,год"
"12,+",Артур Арапов,https://i2.mybook.io/p/x378/book_covers/48/b8/48b8de5d-9cab-4a56-8d69-8f42dfc2284a.jpg,Изобретатель,"Время чтения ≈,5,ч",174 печатные страницы,"2021,,год"
"16,+",Фёдор Быханов,https://i2.mybook.io/p/x378/book_covers/1b/6c/1b6c1139-1a37-48fe-9713-fcbcb6991b38.jpg,Чужое лицо,"Время чтения ≈,7,ч",250 печатных страниц,"2019,,год"
"18,+",Игорь Рыжков,https://i3.mybook.io/p/x378/book_covers/61/d5/61d53579-9d61-4b92-b094-d8406bd4be6a.jpg,У самого синего моря,200 Мбайт,7 час. 18 мин.,"2023,,год"
"18,+",Галина Булахова,https://i3.mybook.io/p/x378/book_covers/74/a5/74a51a69-fe92-45af-a0db-e89f0627b4f0.jpg,"За гранью времени, или Дорога в никуда","Время чтения ≈,2,ч",71 печатная страница,"2015,,год"
"12,+",Сейн Янер,https://i2.mybook.io/p/x378/book_covers/f4/3a/f43a4e24-8bf7-4c50-a90b-464fe7fc91f9.jpg,Дети колыбельных планет. Оплошность Зоммо,"Время чтения ≈,7,ч",271 печатная страница,"2023,,год"
"16,+","Юрий Тарарев,Александр Тарарев",https://i3.mybook.io/p/x378/book_covers/d5/9b/d59b6e6a-2874-4aff-b66c-a95d531d8374.jpg,Колыбель цивилизаций II. Книга 6. Пралайя,"Время чтения ≈,5,ч",169 печатных страниц,"2023,,год"
"18,+",Хайдарали Усманов,https://i3.mybook.io/p/x378/book_covers/8b/8f/8b8fd9be-cb5d-4b46-b714-816c3eb71104.jpg,Неучтённый фактор. Бег с препятствиями,315 Мбайт,11 час. 29 мин.,"2022,,год"
"16,+",Фёдор Быханов,https://i1.mybook.io/p/x378/book_covers/37/13/3713b80e-5d6a-4af1-a7bd-3a4e78b1477e.jpg,Следак из Коробейников,"Время чтения ≈,4,ч",153 печатные страницы,"2018,,год"
"12,+",Сейн Янер,https://i3.mybook.io/p/x378/book_covers/d4/ad/d4ad6e43-1a24-477d-8524-17cd7f8f4c60.jpg,Дети колыбельных планет. Новые реалии,"Время чтения ≈,7,ч",257 печатных страниц,"2023,,год"
"0,+",Игорь Плеханов,https://i2.mybook.io/p/x378/book_covers/97/cd/97cd712f-46a9-4624-a72c-a4810de5be94.jpg,Инсайдер. Алиса,"Время чтения ≈,2,ч",53 печатные страницы,"2019,,год"
"16,+",Игорь Плеханов,https://i3.mybook.io/p/x378/book_covers/4b/b3/4bb34928-0bd4-47df-8ff0-e1db38aded4f.jpg,Инсайдер. Побег,"Время чтения ≈,1,ч",35 печатных страниц,"2019,,год"
"16,+",Игорь Плеханов,https://i1.mybook.io/p/x378/book_covers/88/b0/88b04b92-9c5c-497a-a988-14e6a5ec3a35.jpg,Инсайдер,"Время чтения ≈,2,ч",44 печатные страницы,"2019,,год"
"16,+",Сергей Галенко,https://i1.mybook.io/p/x378/book_covers/a4/f6/a4f6ca8b-b6de-4bfb-9ba6-6a4d46a3f192.jpg,Пилигрим,"Время чтения ≈,3,ч",100 печатных страниц,"2019,,год"
"16,+",Виталий Кириллов,https://i1.mybook.io/p/x378/book_covers/51/1c/511c4e34-2de4-4b6a-946f-9e04cdc17e4c.jpg,Ковчег 0.30.,11 Мбайт,24 мин.,"2022,,год"
"16,+",Анжелика Леонова,https://i1.mybook.io/p/x378/book_covers/74/f6/74f63604-ffb1-4e09-93d8-a403b841f6e4.jpg,Мальдек,"Время чтения ≈,1,ч",13 печатных страниц,"2021,,год"
"18,+",Виталий Кириллов,https://i2.mybook.io/p/x378/book_covers/60/b9/60b9ac81-34c7-4dc9-b03a-581ce044d208.jpg,C Богом без Бога. Сборник рассказов,"Время чтения ≈,1,ч",21 печатная страница,"2022,,год"
"6,+",Александр Артемов,https://i2.mybook.io/p/x378/book_covers/0b/bc/0bbc0bce-6c83-48a2-a893-66a8e43df324.jpg,Курьер по галактике. Миссия Стажер,"Время чтения ≈,1,ч",4 печатные страницы,"2022,,год"
"12,+",Василий Королев,https://i3.mybook.io/p/x378/book_covers/23/39/2339b726-4752-44f0-aea8-6523f01fdd0a.jpg,Параллели,"Время чтения ≈,7,ч",274 печатные страницы,"2023,,год"
"12,+","Юрий Тарарев,Александр Тарарев",https://i3.mybook.io/p/x378/book_covers/97/44/9744c450-7da1-4c3e-ba17-84d8de53734a.jpg,Превентивный удар,"Время чтения ≈,8,ч",307 печатных страниц,"2021,,год"
"18,+",Кир Неизвестный,https://i2.mybook.io/p/x378/book_covers/78/50/785016d6-51d4-4479-85d7-a31e360c7c2e.jpg,Нулевой пациент,"Время чтения ≈,2,ч",53 печатные страницы,"2023,,год"
"18,+",Сергей Лысков,https://i3.mybook.io/p/x378/book_covers/6c/9c/6c9cb3a6-d7ff-4f48-9cc0-ce123ccf7909.jpg,Смайлик человечеству,40 Мбайт,29 мин.,"2021,,год"
"18,+",Игорь Рыжков,https://i2.mybook.io/p/x378/book_covers/9f/d8/9fd8b00a-2b9a-435b-a885-217fb81d8007.jpg,У самого синего моря,"Время чтения ≈,5,ч",175 печатных страниц,"2023,,год"
"16,+",Алекс Глад,https://i1.mybook.io/p/x378/book_covers/9b/01/9b01a3ab-4350-4264-95bc-38e508c78787.jpg,Нереальность. Вход,"Время чтения ≈,6,ч",222 печатные страницы,"2022,,год"
"16,+",Виталий Кириллов,https://i3.mybook.io/p/x378/book_covers/0c/0c/0c0cc438-6927-4876-bf4a-25a0699372cf.jpg,Точка после начала. Сборник рассказов,"Время чтения ≈,1,ч",26 печатных страниц,"2021,,год"
"16,+",Маделин Роуз,https://i3.mybook.io/p/x378/book_covers/7d/b2/7db2fc94-60f1-489a-89c4-1264efecee18.jpg,Когда дерутся Боги,"Время чтения ≈,8,ч",309 печатных страниц,"2021,,год"
"18,+",Ю_ШУТОВА,https://i2.mybook.io/p/x378/book_covers/1a/9b/1a9b6f13-53d1-4d0c-8a97-7ccb437fcc2b.jpg,Все зависит от кошек,"Время чтения ≈,3,ч",89 печатных страниц,"2021,,год"
"16,+",Дмитрий Черных,https://i3.mybook.io/p/x378/book_covers/17/64/17643472-4cfe-4e91-8b3c-c51dcdff9732.jpg,Отражение тени,"Время чтения ≈,7,ч",263 печатные страницы,"2023,,год"
"16,+","Юрий Тарарев,Александр Тарарев",https://i3.mybook.io/p/x378/book_covers/c8/36/c83657f5-a8ed-4140-aa33-42b45c4f9d88.jpg,Колыбель цивилизаций II. Книга 3. Воины Абсолюта,"Время чтения ≈,5,ч",163 печатные страницы,"2023,,год"
"12,+",Владимир Седов,https://i3.mybook.io/p/x378/book_covers/f7/39/f739e2e2-5c60-4a7b-998f-839cc2e12bff.jpg,Три жизни,"Время чтения ≈,1,ч",5 печатных страниц,"2021,,год"
"12,+",Кристиан Бэд,https://i2.mybook.io/p/x378/book_covers/fc/f6/fcf669e1-4ab5-4735-89e0-ff9bcb5fa50e.jpg,Апокалипсис откладывается,"Время чтения ≈,2,ч",44 печатные страницы,"2022,,год"
"16,+",Алла Алая,https://i1.mybook.io/p/x378/book_covers/b5/fa/b5fa0220-d6a4-4f7f-a986-33cf6400c068.jpg,Новая Василиса,"Время чтения ≈,5,ч",169 печатных страниц,"2023,,год"
"18,+",Виталий Кириллов,https://i3.mybook.io/p/x378/book_covers/3c/6f/3c6f829a-8d16-4499-806a-352db9b325c7.jpg,C Богом без Бога. Сборник рассказов,46 Мбайт,49 мин.,"2023,,год"
"12,+",Кир Роунд,https://i3.mybook.io/p/x378/book_covers/5b/de/5bde5346-39bd-4b1b-87ce-d14394998f52.jpg,Что это было?,41 Мбайт,45 мин.,"2023,,год"
"16,+",Юля С,https://i1.mybook.io/p/x378/book_covers/30/32/3032445d-28c7-424e-93be-37b4721b843b.jpg,Меня зовут Лилит!,"Время чтения ≈,2,ч",41 печатная страница,"2023,,год"
"12,+",Владимир Слабинский,https://i1.mybook.io/p/x378/book_covers/cd/b4/cdb4eb41-73a6-4d0d-a4c1-650497bcc8c1.jpg,С.-Петербургъ: хроники иномирья. Птицы и сны,"Время чтения ≈,7,ч",275 печатных страниц,"2023,,год"
"18,+",Кир Неизвестный,https://i1.mybook.io/p/x378/book_covers/2b/60/2b60fe49-98ae-478c-9134-940169a5889a.jpg,Нулевой пациент,59 Мбайт,2 час. 9 мин.,"2022,,год"
"12,+",Владимир Иванов,https://i1.mybook.io/p/x378/book_covers/ee/2d/ee2d37f5-379c-4ba5-93ea-84293f043d3e.jpg,Снежный путь,"Время чтения ≈,1,ч",18 печатных страниц,"2022,,год"
"16,+",Александр Скок,https://i2.mybook.io/p/x378/book_covers/7e/bf/7ebfc1d8-5315-4908-86c0-d3d22b8d23e0.jpg,Последняя пьеса Земли,"Время чтения ≈,5,ч",170 печатных страниц,"2023,,год"
"12,+",Андрей Силенгинский,https://i3.mybook.io/p/x378/book_covers/11/6d/116d3a58-c164-4519-bd29-7936665bafb8.jpg,Дело о стопроцентном алиби,"Время чтения ≈,3,ч",85 печатных страниц,"2022,,год"
"18,+",Александр Емельянов,https://i1.mybook.io/p/x378/book_covers/4a/4f/4a4ff6bc-5645-4594-b161-20ad45b384b7.jpg,Первая империя. Книга 21. Законы бытия,"Время чтения ≈,4,ч",154 печатные страницы,"2023,,год"
"16,+",Михаил Иванов-Ильин,https://i2.mybook.io/p/x378/book_covers/92/4f/924fdbb7-45be-444a-a1bc-9e3e3ab4a432.jpg,Космос. Сборник фантастических рассказов,"Время чтения ≈,1,ч",11 печатных страниц,"2021,,год"
"18,+",Роман Изумрудный,https://i3.mybook.io/p/x378/book_covers/56/e4/56e40163-e8dd-4b48-9681-642d6f87936f.jpg,Последний наемник Империи,"Время чтения ≈,7,ч",274 печатные страницы,"2020,,год"
"18,+",Виктория Ки-ма,https://i3.mybook.io/p/x378/book_covers/68/41/68418d07-eadf-47ad-954d-1a0fb14d3154.jpg,Горизонт событий длиною в сон,"Время чтения ≈,2,ч",73 печатные страницы,"2023,,год"
"12,+",Надежда Гусева,https://i3.mybook.io/p/x378/book_covers/ed/a1/eda17b71-f0bb-4d45-ad0b-a2de3b6d8a6f.jpg,Месяц в библиотеке,"Время чтения ≈,1,ч",7 печатных страниц,"2020,,год"
"16,+",Ю_ШУТОВА,https://i3.mybook.io/p/x378/book_covers/ab/2a/ab2a0fa3-1d85-4df7-b925-024057f8fe42.jpg,Маленький синенький большой желтый,"Время чтения ≈,1,ч",21 печатная страница,"2023,,год"
"18,+",Роман Кирнасов,https://i2.mybook.io/p/x378/book_covers/2d/e4/2de4c881-9de8-4a83-8bce-a91daf047401.jpg,Поэмы 21-го века,"Время чтения ≈,2,ч",66 печатных страниц,"2022,,год"
"18,+",Роман Ударцев,https://i2.mybook.io/p/x378/book_covers/3d/e8/3de8da04-7dc5-45c1-9e32-bf1de1a8f670.jpg,Мост,"Время чтения ≈,5,ч",161 печатная страница,"2019,,год"
"16,+","Юрий Тарарев,Александр Тарарев",https://i1.mybook.io/p/x378/book_covers/76/43/76434afc-2121-413c-8d48-b6d3b6cf2501.jpg,Милкомеда. Книга 3. Оперативный маневр,"Время чтения ≈,5,ч",160 печатных страниц,"2021,,год"
"18,+",Хайдарали Усманов,https://i2.mybook.io/p/x378/book_covers/5d/8b/5d8b9bf5-8947-4a8c-ba35-1b4fc3df6688.jpg,Неучтённый фактор. Быть живым,"Время чтения ≈,8,ч",310 печатных страниц,"2020,,год"
"16,+",Алексей Корепанов,https://i2.mybook.io/p/x378/book_covers/f3/1b/f31b49ba-bedc-42f6-8e72-75103f5ec250.jpg,Посланец Октагона,"Время чтения ≈,9,ч",336 печатных страниц,"2019,,год"
"16,+",Сергей Милушкин,https://i1.mybook.io/p/x378/book_covers/70/76/7076ed30-dc01-4c91-9117-f2c3773b6470.jpg,Послание из прошлого. Петля времени,1898 Мбайт,17 час. 15 мин.,"2023,,год"
"18,+",Галина Громова,https://i2.mybook.io/p/x378/book_covers/ac/d9/acd99baf-08b7-4ed7-898d-b61c80011153.jpg,4 — Бухта надежды. Свой выбор,"Время чтения ≈,9,ч",340 печатных страниц,"2020,,год"
"12,+","Юрий Тарарев,Александр Тарарев",https://i2.mybook.io/p/x378/book_covers/d7/43/d743b4d6-ad71-49dc-a78a-fc0850314159.jpg,Доминирование,"Время чтения ≈,5,ч",171 печатная страница,"2022,,год"
"18,+",Никита Костылев,https://i1.mybook.io/p/x378/book_covers/9f/86/9f868618-b576-4a89-9ac7-29a502548e66.jpg,Пустынник. Война,"Время чтения ≈,7,ч",271 печатная страница,"2020,,год"
"18,+",Михаил Дабар,https://i1.mybook.io/p/x378/book_covers/5b/d7/5bd7b275-f5ee-41cb-82e4-b3ecd15c571b.jpg,Тысячу раз умереть,"Время чтения ≈,9,ч",337 печатных страниц,"2021,,год"
"18,+",Хайдарали Усманов,https://i2.mybook.io/p/x378/book_covers/77/ed/77ed5fc1-fe53-458e-a279-2134cb576283.jpg,Неучтённый фактор. Быть живым,324 Мбайт,11 час. 50 мин.,"2022,,год"
"18,+",Екатерина Шитова,https://i3.mybook.io/p/x378/book_covers/84/ce/84ce85c4-fff3-4b4b-945a-75e1305e838b.jpg,Райская обитель,"Время чтения ≈,2,ч",75 печатных страниц,"2022,,год"
"12,+",Ирина Брестер,https://i3.mybook.io/p/x378/book_covers/14/d4/14d439a5-d426-453c-bdf3-b3b36b7577d0.jpg,Перезагрузка. Сборник фантастических рассказов,71 Мбайт,1 час 17 мин.,"2023,,год"
"16,+",Вадим Чернышев,https://i3.mybook.io/p/x378/book_covers/35/1f/351f58cf-2660-4d61-913a-95ea9c67e44b.jpg,Модерация,"Время чтения ≈,5,ч",165 печатных страниц,"2018,,год"
"16,+",Сергей Милушкин,https://i1.mybook.io/p/x378/book_covers/15/61/1561933c-4dad-4de6-83b5-461190c2d404.jpg,Послание из прошлого. Петля времени,"Время чтения ≈,12,ч",461 печатная страница,"2023,,год"
"16,+",Павел Ловец,https://i3.mybook.io/p/x378/book_covers/c1/0b/c10b04b3-6c16-4065-9703-f459dd8881f4.jpg,Иная жизнь,"Время чтения ≈,10,ч",366 печатных страниц,"2020,,год"
"16,+","Ксения Ермолова,Степан Зотов",https://i1.mybook.io/p/x378/book_covers/6d/1f/6d1f054d-22a0-4db3-b0db-386b27d7fa03.jpg,Пробуждение,"Время чтения ≈,7,ч",255 печатных страниц,"2022,,год"
"16,+",Ирина Юсупова,https://i2.mybook.io/p/x378/book_covers/70/b4/70b4476f-398f-49f3-8d8a-b6d363595f4d.jpg,Ванновый и В ночь на пятнадцатое,"Время чтения ≈,2,ч",68 печатных страниц,"2017,,год"
"16,+",Рутра Пасхов,https://i2.mybook.io/p/x378/book_covers/33/12/3312fbf8-ea91-4db2-b8c8-f7bd0a1903ae.jpg,"Квантовая запутанность, или Рок судьбы",458 Мбайт,8 час. 20 мин.,"2022,,год"
"16,+","Юрий Тарарев,Александр Тарарев",https://i1.mybook.io/p/x378/book_covers/9f/2b/9f2ba882-5589-4a44-aeff-2f07382b93ad.jpg,До последнего вздоха,"Время чтения ≈,7,ч",253 печатные страницы,"2023,,год"
"18,+",Олег Айрашин,https://i3.mybook.io/p/x378/book_covers/d1/22/d122679b-88f9-4224-905a-d1a5ecce3936.jpg,Камуфлет,"Время чтения ≈,4,ч",144 печатные страницы,"2024,,год"
"18,+",Ильфат Фахриев,https://i3.mybook.io/p/x378/book_covers/d8/e5/d8e5dd99-f09f-4c51-b492-3110c947243b.jpg,Министерство Чрезвычайных Ситуаций,"Время чтения ≈,1,ч",12 печатных страниц,"2024,,год"
"16,+",Ron Star,https://i1.mybook.io/p/x378/book_covers/2b/55/2b550ce8-58a3-4aee-b894-b96a1c2c3433.jpg,Его величество инженер,358 Мбайт,13 час. 4 мин.,"2023,,год"
"12,+",Юлия Чернявская,https://i3.mybook.io/p/x378/book_covers/ea/d1/ead12d69-6fa6-4850-8382-79b7932620a0.jpg,Последний шанс,122 Мбайт,4 час. 27 мин.,"2023,,год"
"12,+",Наталья Пашова,https://i3.mybook.io/p/x378/book_covers/e1/cb/e1cbe0d2-b88e-4967-b984-e372b27de3ac.jpg,Когда закончится война? Часть 1-2,"Время чтения ≈,5,ч",190 печатных страниц,"2022,,год"
"18,+",Владимир Челядинов,https://i3.mybook.io/p/x378/book_covers/68/0b/680b02ea-086d-4b90-979e-568694b04b93.jpg,Другой мир 2,"Время чтения ≈,3,ч",112 печатных страниц,"2023,,год"
"16,+",Галина Полынская,https://i2.mybook.io/p/x378/book_covers/f2/e0/f2e01616-a590-4bc7-ba51-fd31f974c2d0.jpg,"Всё сразу, Симона!","Время чтения ≈,7,ч",267 печатных страниц,"2020,,год"
"18,+",Алмаз Эрнисов,https://i3.mybook.io/p/x378/book_covers/f0/ab/f0ab73b0-5faa-400b-8a37-de74f1594579.jpg,Путеводитель привидения,"Время чтения ≈,4,ч",125 печатных страниц,"2020,,год"
"6,+",Ник Писарев,https://i2.mybook.io/p/x378/book_covers/a2/3b/a23b26a0-f968-4733-b6b5-6c8cf38b189e.jpg,Выставка,14 Мбайт,15 мин.,"2020,,год"
"16,+",Александр Абалихин,https://i1.mybook.io/p/x378/book_covers/be/e5/bee589e4-c0e8-4d74-81df-a49880d4c8a3.jpg,Чужой мир,"Время чтения ≈,2,ч",48 печатных страниц,"2021,,год"
"16,+","Юрий Тарарев,Александр Тарарев",https://i1.mybook.io/p/x378/book_covers/da/a8/daa8edab-3d09-4322-b500-ded13a88b87f.jpg,Схватка,430 Мбайт,7 час. 49 мин.,"2021,,год"
"12,+",Наталия Мамаева,https://i2.mybook.io/p/x378/book_covers/41/06/4106591b-e572-44f6-b48d-f0a3056155a4.jpg,О творчестве братьев Стругацких,"Время чтения ≈,5,ч",160 печатных страниц,"2022,,год"
"12,+",Владимир Морозов,https://i1.mybook.io/p/x378/book_covers/b4/97/b4971fe5-db3d-421e-b1e9-1f7e3a005ea1.jpg,Самурай. Рождение. День первый,"Время чтения ≈,4,ч",156 печатных страниц,"2017,,год"
"16,+",Владимир Соколов,https://i3.mybook.io/p/x378/book_covers/19/b7/19b76dc1-c586-40a4-ac36-9d7badfe3da3.jpg,Веселые приключения покойников,"Время чтения ≈,12,ч",467 печатных страниц,"2019,,год"
"12,+",Надежда Ожигина,https://i3.mybook.io/p/x378/book_covers/30/60/3060d3ce-23f0-4c73-8a16-4e7971a31c96.jpg,Игры со временем,"Время чтения ≈,1,ч",20 печатных страниц,"2022,,год"
"18,+",Михаил Дабар,https://i1.mybook.io/p/x378/book_covers/b1/2b/b12bd4b8-737b-4bb5-919f-81f7ecd544b3.jpg,Тысячу раз умереть,589 Мбайт,10 час. 43 мин.,"2023,,год"
"16,+",Виталий Кириллов,https://i2.mybook.io/p/x378/book_covers/0f/4a/0f4adf85-8716-4b63-b0a9-fd6fa9dc0524.jpg,Точка после начала. Сборник рассказов,30 Мбайт,1 час 5 мин.,"2023,,год"
"16,+",Елена Медведева,https://i3.mybook.io/p/x378/book_covers/42/9d/429da152-5de7-4a8b-bf07-c1cedbd10f5e.jpg,Игра доктора Z,"Время чтения ≈,3,ч",92 печатные страницы,"2018,,год"
"16,+",Елена Федорова,https://i3.mybook.io/p/x378/book_covers/da/4d/da4df859-3b0a-426c-8404-f8fd37c10e27.jpg,Невероятные приключения двух судмедэкспертов,"Время чтения ≈,4,ч",151 печатная страница,"2018,,год"
"16,+",Аркадий Неминов,https://i1.mybook.io/p/x378/book_covers/71/5e/715e9b7c-a773-4be3-a7fc-4f5e34c99dd2.jpg,Unikum ordinarium: СУПЕРМЕН ПОНЕВОЛЕ,237 Мбайт,8 час. 38 мин.,"2022,,год"
"18,+",Герман Песков,https://i1.mybook.io/p/x378/book_covers/36/ca/36ca63b9-614c-4acd-acc4-4a6cdf387624.jpg,Эридиан,8 Мбайт,17 мин.,"2024,,год"
"16,+",Аркадий Неминов,https://i1.mybook.io/p/x378/book_covers/30/4b/304b5646-2870-496c-a7ff-3a8bfe5ea252.jpg,Unikum ordinarium: СУПЕРМЕН ПОНЕВОЛЕ,"Время чтения ≈,6,ч",214 печатных страниц,"2020,,год"
"16,+",Галина Полынская,https://i2.mybook.io/p/x378/book_covers/c3/d1/c3d104f3-1528-495c-8d53-928724624d4e.jpg,"Всё сразу, Симона!",275 Мбайт,10 час. 1 мин.,"2023,,год"
"18,+",Мерси Шелли,https://i2.mybook.io/p/x378/book_covers/02/ef/02ef77f6-37ec-4033-b81e-ed8efffe19ee.jpg,Сетевое окружение,217 Мбайт,7 час. 56 мин.,"2023,,год"
"12,+",Игорь Соловьев,https://i2.mybook.io/p/x378/book_covers/67/04/67041509-000f-4ea1-a154-c7d572826525.jpg,Эхо телепортации,46 Мбайт,1 час 42 мин.,"2023,,год"
"16,+",Елена Медведева,https://i1.mybook.io/p/x378/book_covers/b2/55/b2552c5d-8190-4dcb-867b-7ac4458aeb48.jpg,Террор за цифровым занавесом,"Время чтения ≈,4,ч",123 печатные страницы,"2019,,год"
"18,+",Виктор Сергиенко,https://i1.mybook.io/p/x378/book_covers/ff/43/ff43c4ea-4863-45da-9f0f-c2624b6cba2b.jpg,Пангея. Сборник 2,474 Мбайт,17 час. 16 мин.,"2023,,год"
"16,+",Евгения Басова,https://i2.mybook.io/p/x378/book_covers/3a/4e/3a4e9a30-7bcb-4aa5-b9c6-357df975343c.jpg,Исара. Часть 1,175 Мбайт,6 час. 23 мин.,"2023,,год"
"16,+",Евгения Басова,https://i2.mybook.io/p/x378/book_covers/3f/3f/3f3f423f-58bd-4d5d-8d47-b650aa0c7028.jpg,Исара. Пандариум. Часть 2,132 Мбайт,4 час. 50 мин.,"2023,,год"
"18,+",Виктор Сергиенко,https://i2.mybook.io/p/x378/book_covers/49/51/4951ed26-3f4d-46d8-9796-af81f20c0070.jpg,Пангея. Путь мага. Книга 1,337 Мбайт,12 час. 18 мин.,"2022,,год"
"16,+","Юрий Тарарев,Александр Тарарев",https://i3.mybook.io/p/x378/book_covers/4e/22/4e223f8b-10d4-4369-8847-64eb7d596d45.jpg,Схватка,"Время чтения ≈,7,ч",258 печатных страниц,"2023,,год"
"18,+",Виктор Сергиенко,https://i3.mybook.io/p/x378/book_covers/7b/be/7bbe4181-0eb0-4164-9db5-beac39b8b0f6.jpg,Пангея. Королевство мертвых. Книга 3,194 Мбайт,7 час. 4 мин.,"2022,,год"
"16,+",Инаэль Аркантор,https://i1.mybook.io/p/x378/book_covers/77/24/77241207-1aaf-42dd-b23f-1ce77c71f790.jpg,Полуночный рассвет,"Время чтения ≈,13,ч",504 печатные страницы,"2018,,год"
"12,+",Фёдор Быханов,https://i1.mybook.io/p/x378/book_covers/e9/64/e9641f2e-10f8-4957-8858-0f3b517f79b1.jpg,Тайна горного озера,"Время чтения ≈,9,ч",355 печатных страниц,"2018,,год"
"16,+",Виталий Лесков,https://i3.mybook.io/p/x378/book_covers/3e/df/3edf497f-8abd-4bf4-adf3-439e52e24073.jpg,Радужный кот,"Время чтения ≈,3,ч",95 печатных страниц,"2023,,год"
"18,+",Сергей Белокрыльцев,https://i2.mybook.io/p/x378/book_covers/e4/a1/e4a1ffa2-f0b7-495a-b0f5-34219b8d4bb3.jpg,"Змеиная логика, змеиные нравы",10 Мбайт,23 мин.,"2023,,год"
"16,+",Николай Чисторосов,https://i1.mybook.io/p/x378/book_covers/6f/1d/6f1d5e61-d48c-4c47-860b-76bb074e309d.jpg,В чистом потоке,"Время чтения ≈,4,ч",132 печатные страницы,"2023,,год"
"18,+",Самуил Бабин,https://i2.mybook.io/p/x378/book_covers/56/0a/560ac95b-025f-41b6-bcce-51ad56569f46.jpg,Дорога на Еть,"Время чтения ≈,3,ч",115 печатных страниц,"2023,,год"
"18,+",Григорий Неделько,https://i3.mybook.io/p/x378/book_covers/29/de/29deb1b3-5154-4b0f-b85a-15c52e3bfd39.jpg,Ауттейки (Outtakes),"Время чтения ≈,9,ч",349 печатных страниц,"2016,,год"
"18,+",Дмитрий Боррони,https://i1.mybook.io/p/x378/book_covers/71/3c/713c8e19-b883-45a8-bc8d-e89d84fa2e16.jpg,Встреча или другая реальность 1: Черная Дыра,"Время чтения ≈,3,ч",94 печатные страницы,"2020,,год"
"16,+",Фёдор Быханов,https://i3.mybook.io/p/x378/book_covers/d8/65/d8652845-7adc-4c05-bba1-111932b79c2f.jpg,Взорванная судьба,"Время чтения ≈,7,ч",271 печатная страница,"2019,,год"
"0,+",Андрей Никитин,https://i2.mybook.io/p/x378/book_covers/87/d2/87d2454b-56bc-4445-94b6-990d5fb0263e.jpg,Платформы для телепортации,"Время чтения ≈,4,ч",130 печатных страниц,"2019,,год"
"18,+",Елена Алябьева,https://i2.mybook.io/p/x378/book_covers/e2/3c/e23c0945-da76-40fd-b822-e8cd8f7fbd42.jpg,Нечеловеческий взгляд,"Время чтения ≈,3,ч",109 печатных страниц,"2018,,год"
"16,+",Фёдор Быханов,https://i1.mybook.io/p/x378/book_covers/44/c4/44c46670-267c-47b9-87e6-b36e0dc5d07b.jpg,Сильнее пламени,"Время чтения ≈,5,ч",176 печатных страниц,"2018,,год"
"16,+",Лора Ален,https://i1.mybook.io/p/x378/book_covers/d2/00/d200e88b-e674-4d0b-ab88-21d79975d2c9.jpg,Перезагрузка,37 Мбайт,1 час 22 мин.,"2024,,год"
"16,+",Сергей Стрельчук,https://i2.mybook.io/p/x378/book_covers/4e/71/4e71becf-1467-435b-a451-358abcdfe951.jpg,Хроники острова Ноубл. Изгои,"Время чтения ≈,7,ч",243 печатные страницы,"2019,,год"
"16,+",Геннадий Источник,https://i2.mybook.io/p/x378/book_covers/e2/64/e264772a-0a60-435e-a4ed-4eb51ac3458c.jpg,"Альфа: Не такой, как наш… ТОМ 4",334 Мбайт,12 час. 11 мин.,"2024,,год"
"12,+",Елена Щигорцова,https://i3.mybook.io/p/x378/book_covers/53/4a/534af86b-cde5-47b7-bbd1-470503c21420.jpg,Февраль. Завтра уже весна,"Время чтения ≈,3,ч",111 печатных страниц,"2023,,год"
"18,+",Сергей Белокрыльцев,https://i1.mybook.io/p/x378/book_covers/b8/68/b8684236-15de-4198-8e15-c7bc62fe0693.jpg,"Змеиная логика, змеиные нравы","Время чтения ≈,1,ч",9 печатных страниц,"2023,,год"
"18,+",Виктор Сергиенко,https://i1.mybook.io/p/x378/book_covers/8c/43/8c436a60-ec1d-42c1-b9e6-6387503d5d47.jpg,Пангея. Сборник 2. Тролли против гоблинов. Железные гномы подземных островов. Эльфы — бывают разные,"Время чтения ≈,11,ч",431 печатная страница,"2024,,год"
"16,+",Александр Артемов,https://i2.mybook.io/p/x378/book_covers/62/64/6264c756-43a9-4cb5-b20f-2864825544c3.jpg,Портал,78 Мбайт,2 час. 52 мин.,"2023,,год"
"18,+",Яни Эш,https://i1.mybook.io/p/x378/book_covers/72/cc/72ccf8fe-05ad-49a6-a23b-161700cd1538.jpg,Зеркало Умбры,"Время чтения ≈,13,ч",484 печатные страницы,"2021,,год"
"12,+",Саша Даль,https://i1.mybook.io/p/x378/book_covers/e2/b1/e2b1a490-ec81-4fcf-88e9-12a82dbdbb33.jpg,Контакт с существом,8 Мбайт,17 мин.,"2024,,год"
"16,+",Марина Медведева,https://i3.mybook.io/p/x378/book_covers/0e/e0/0ee094b9-c16b-4664-a09a-1863edaf6856.jpg,Астрея на страже миров,"Время чтения ≈,4,ч",122 печатные страницы,"2022,,год"
"18,+",Герман Песков,https://i1.mybook.io/p/x378/book_covers/7d/78/7d78c348-48e9-4a13-a171-d2f9b9dddb2e.jpg,Эридиан,"Время чтения ≈,1,ч",8 печатных страниц,"2024,,год"
"16,+",Лора Ален,https://i1.mybook.io/p/x378/book_covers/d1/9a/d19a9509-b237-451a-bf79-f5d1c31cbd72.jpg,Перезагрузка,"Время чтения ≈,1,ч",33 печатные страницы,"2023,,год"
"16,+",Сергей Филиппов,https://i1.mybook.io/p/x378/book_covers/9d/5f/9d5f01c6-4e59-4430-b438-0f96ec84c061.jpg,Дракон,18 Мбайт,40 мин.,"2023,,год"
"12,+",Анастасия Абашкина,https://i3.mybook.io/p/x378/book_covers/db/c4/dbc4f44e-7713-4f43-af69-46a2ab5e3db1.jpg,Путь сокола,"Время чтения ≈,5,ч",174 печатные страницы,"2024,,год"
"16,+",Александр Чечитов,https://i1.mybook.io/p/x378/book_covers/7d/69/7d69acde-399b-4e0e-af5f-7bfd88ae70db.jpg,Люпо космический дуралей,5 Мбайт,12 мин.,"2023,,год"
"12,+",Данила Светлояров,https://i1.mybook.io/p/x378/book_covers/27/ac/27ac455d-9449-4728-a484-62024473b2bd.jpg,Восхождение на Иремель,223 Мбайт,1 час 37 мин.,"2023,,год"
"12,+",Семён Ленофаг,https://i1.mybook.io/p/x378/book_covers/b2/20/b220086a-5679-4c30-8359-7839d73d84dd.jpg,Родной враг,"Время чтения ≈,1,ч",36 печатных страниц,"2024,,год"
"16,+",Светлана Чернобуркина,https://i2.mybook.io/p/x378/book_covers/59/38/59382df0-f928-42e5-b574-c0f6ab0b8ed7.jpg,Кровавая монета,138 Мбайт,5 час. 1 мин.,"2023,,год"
"12,+",Pauk Zver,https://i3.mybook.io/p/x378/book_covers/4b/fb/4bfba305-0d38-4a2f-a10d-e19ab4f7187f.jpg,Тёмные дела мэра…,2 Мбайт,6 мин.,"2023,,год"
"16,+",Александр Чечитов,https://i1.mybook.io/p/x378/book_covers/64/e6/64e677a1-c6d7-431d-8d8c-88d619bc6805.jpg,Техасский паук,5 Мбайт,12 мин.,"2023,,год"
"16,+",Николай Бершицкий,https://i2.mybook.io/p/x378/book_covers/8b/0c/8b0c8d28-bd0c-4d0a-8d19-317f5e3f8a07.jpg,Один в поле воин,10 Мбайт,22 мин.,"2023,,год"
"18,+",Александр Емельянов,https://i2.mybook.io/p/x378/book_covers/7a/28/7a28ad92-9465-46d5-a611-091dfa59c878.jpg,Стартап Спейс Джампер. Том 4. Система Сол — Внешние Миры,101 Мбайт,3 час. 42 мин.,"2023,,год"
"18,+",Александр Емельянов,https://i2.mybook.io/p/x378/book_covers/5f/4b/5f4bd0e6-578b-4511-b565-071ac2bdea4e.jpg,Первая империя. Книга 21. Законы бытия,177 Мбайт,6 час. 27 мин.,"2023,,год"
"18,+",Николай Слепковайте,https://i2.mybook.io/p/x378/book_covers/75/0c/750c09da-d188-4541-b054-505be913a9dc.jpg,Я хочу жить,21 Мбайт,47 мин.,"2023,,год"
"16,+",Алла Алая,https://i3.mybook.io/p/x378/book_covers/5f/af/5fafe0d9-64d1-467a-925c-49d548c7665a.jpg,Новая Василиса,182 Мбайт,6 час. 39 мин.,"2023,,год"
"12,+",Михаил Иванов,https://i1.mybook.io/p/x378/book_covers/83/f6/83f639e4-3a5c-4b1f-b018-e6b007e41719.jpg,Гром не грянет…,"Время чтения ≈,1,ч",15 печатных страниц,"2023,,год"
"12,+",Михаил Иванов,https://i1.mybook.io/p/x378/book_covers/b3/fc/b3fcb0e3-7094-4e52-a958-46cf61088636.jpg,Гром не грянет…,40 Мбайт,44 мин.,"2023,,год"
"16,+","Юрий Тарарев,Александр Тарарев",https://i1.mybook.io/p/x378/book_covers/de/da/dedac51f-031c-4eda-a9b9-2ec56f74cad6.jpg,Колыбель цивилизаций II. Книга 3. Воины Абсолюта,347 Мбайт,6 час. 2 мин.,"2023,,год"
"16,+",Геннадий Источник,https://i2.mybook.io/p/x378/book_covers/ce/71/ce715b14-756f-437b-9763-4119abf688a0.jpg,"Альфа: Не такой, как наш… ТОМ 4","Время чтения ≈,8,ч",293 печатные страницы,"2023,,год"
"16,+",Сергей Филиппов,https://i2.mybook.io/p/x378/book_covers/0b/9a/0b9a9823-87be-4572-bed2-cab763f3945b.jpg,Дракон,"Время чтения ≈,1,ч",13 печатных страниц,"2023,,год"
"18,+",Андрей Буряк,https://i2.mybook.io/p/x378/book_covers/2e/8f/2e8f094c-5ffd-4417-8d33-5e352ab6458b.jpg,Вилиум,"Время чтения ≈,5,ч",179 печатных страниц,"2023,,год"
"18,+",Максим Бочкарев,https://i3.mybook.io/p/x378/book_covers/3d/aa/3daa9154-c9b6-46e7-a4fa-3f12e34dde8e.jpg,Темное,41 Мбайт,1 час 31 мин.,"2023,,год"
"12,+",Надежда Храмушина,https://i1.mybook.io/p/x378/book_covers/ab/a2/aba24d7f-c269-4a48-a156-0c76476c1e33.jpg,Мостя,25 Кбайт,,"2023,,год"
"16,+",Александр Чечитов,https://i2.mybook.io/p/x378/book_covers/64/5b/645bc2ed-e6e4-417c-b174-f9023abe6b8d.jpg,Люпо космический дуралей,"Время чтения ≈,1,ч",5 печатных страниц,"2023,,год"
"18,+",Роман Шелухин,https://i3.mybook.io/p/x378/book_covers/05/9b/059b304a-0880-413c-997b-4a354291510c.jpg,Вечный двигатель,3 Мбайт,6 мин.,"2023,,год"
"18,+",Сергей Моисеев,https://i3.mybook.io/p/x378/book_covers/51/ec/51ec9024-2ab6-4edc-afd9-31a83cd2b233.jpg,Нерушимый форпост,539 Мбайт,19 час. 39 мин.,"2023,,год"
"16,+",Марат Гумиров,https://i3.mybook.io/p/x378/book_covers/10/20/10205007-a06f-42b9-a881-ab3770de2963.jpg,Проклятия от Якува,12 Мбайт,26 мин.,"2023,,год"
"18,+",Максим Вега,https://i3.mybook.io/p/x378/book_covers/b6/ac/b6acb344-19cf-4102-82bb-825d47105208.jpg,Арский. Доктор без имени. Книга первая,"Время чтения ≈,8,ч",319 печатных страниц,"2023,,год"
"16,+",Светлана Чернобуркина,https://i1.mybook.io/p/x378/book_covers/16/8c/168c4d47-a690-4f99-a5c7-4eeeb9396e47.jpg,Кровавая монета,"Время чтения ≈,4,ч",129 печатных страниц,"2023,,год"
"16,+",Елена Русская,https://i3.mybook.io/p/x378/book_covers/ed/d4/edd45a4a-00d4-4668-9c24-c80767bb5206.jpg,Розовый мир,"Время чтения ≈,1,ч",14 печатных страниц,"2023,,год"
"18,+",Николай Слепковайте,https://i3.mybook.io/p/x378/book_covers/5e/dc/5edc6708-56e0-43d8-af49-1baa4c6e518b.jpg,Я хочу жить,"Время чтения ≈,1,ч",18 печатных страниц,"2023,,год"
"18,+",Максим Бочкарев,https://i3.mybook.io/p/x378/book_covers/ea/3e/ea3e3ef3-390c-45ad-8ee7-46bc81906192.jpg,Тёмное,"Время чтения ≈,1,ч",37 печатных страниц,"2023,,год"
"18,+",Роман Шелухин,https://i3.mybook.io/p/x378/book_covers/db/e2/dbe222ab-27ad-4163-84c7-24dae4b8e108.jpg,Вечный двигатель,"Время чтения ≈,1,ч",2 печатные страницы,"2023,,год"
"6,+",Николай Ковалёв,https://i2.mybook.io/p/x378/book_covers/45/21/45216d0d-04f0-4280-a02e-95c711e42577.jpg,БНЗиС,85 Мбайт,37 мин.,"2023,,год"
"16,+",Марина Медведева,https://i1.mybook.io/p/x378/book_covers/bb/78/bb78c489-39d6-41ef-b842-03274f63c522.jpg,Стальная схватка,221 Мбайт,8 час. 3 мин.,"2023,,год"
"12,+",Александр Ивкин,https://i1.mybook.io/p/x378/book_covers/2d/11/2d11358a-28ad-4934-992f-316c26b98881.jpg,Тёмная комната мистера Новака,148 Мбайт,5 час. 24 мин.,"2023,,год"
"18,+",Александр Емельянов,https://i3.mybook.io/p/x378/book_covers/35/31/3531c8fa-cb53-44e7-935b-9a29ce9c87fc.jpg,Стартап Спейс Джампер. Том 4. Система Сол — Внешние Миры,"Время чтения ≈,3,ч",91 печатная страница,"2023,,год"
"18,+",Александр Емельянов,https://i2.mybook.io/p/x378/book_covers/be/ff/beff3da7-b448-4f35-9bb6-23754c9b7574.jpg,Стартап Спейс Джампер. Том 3. Первая экспедиция на Марс,"Время чтения ≈,2,ч",56 печатных страниц,"2023,,год"
"16,+",Владимир Опёнок,https://i3.mybook.io/p/x378/book_covers/bf/9f/bf9fae28-f428-4840-927f-eb47757b908e.jpg,Искусственный Интеллект,155 Мбайт,5 час. 39 мин.,"2023,,год"
"18,+",Леди Дракнесс,https://i1.mybook.io/p/x378/book_covers/3a/12/3a12b459-f5bb-4b98-aa5b-5f9e8cf89d3c.jpg,Средь бесконечной череды созвездий. Книга 5.2. Захпур,228 Мбайт,8 час. 19 мин.,"2023,,год"
"18,+",Александр Емельянов,https://i3.mybook.io/p/x378/book_covers/b4/d5/b4d57c0d-5f53-4f37-a00e-ad2279d2b1c7.jpg,Месть. Том 4. Возращение домой,"Время чтения ≈,2,ч",58 печатных страниц,"2023,,год"
"16,+",Геннадий Источник,https://i1.mybook.io/p/x378/book_covers/6a/6f/6a6fc76c-672b-409a-a575-624c2a23a310.jpg,"Альфа: Не такой, как наш… ТОМ 3",574 Мбайт,10 час. 28 мин.,"2023,,год"
"12,+",Александр Ивкин,https://i1.mybook.io/p/x378/book_covers/51/a4/51a44fe7-150f-42d7-8ea2-3a1218653c24.jpg,Тёмная комната мистера Новака,"Время чтения ≈,4,ч",131 печатная страница,"2023,,год"
"18,+",Екатерина Калачёва,https://i1.mybook.io/p/x378/book_covers/32/2c/322c7242-2bc0-488a-9235-6cce9c959a0b.jpg,"Фея думер в rashke, смотреть онлайн без регистрации",3 Мбайт,7 мин.,"2023,,год"
"18,+",Екатерина Калачёва,https://i2.mybook.io/p/x378/book_covers/ad/e8/ade83870-c1b0-46e2-9848-c13b97881e40.jpg,"Фея думер в rashke, смотреть онлайн без регистрации","Время чтения ≈,1,ч",3 печатные страницы,"2023,,год"
"18,+",Никита Раков,https://i3.mybook.io/p/x378/book_covers/05/f8/05f89021-7145-4e84-ba32-2bc7d7c3ff46.jpg,Я посадил дерево,57 Мбайт,2 час. 4 мин.,"2023,,год"
"16,+",Сергей Филиппов,https://i1.mybook.io/p/x378/book_covers/53/22/5322857a-162d-4d85-9f14-7cd759bb8ae7.jpg,Предтеча,8 Мбайт,19 мин.,"2023,,год"
"16,+",Александр Рыжов,https://i2.mybook.io/p/x378/book_covers/fb/96/fb969853-83b3-4aa8-a83e-36aae7529e2a.jpg,Пути во Вселенной,310 Мбайт,11 час. 18 мин.,"2023,,год"
"12,+",Ярослав Зубковский,https://i1.mybook.io/p/x378/book_covers/01/29/0129cb53-5e01-42a2-994f-b264633b0b19.jpg,Программа Любви,246 Мбайт,8 час. 58 мин.,"2023,,год"
"16,+",Марина Рид,https://i2.mybook.io/p/x378/null/default_book_covers/default-audio-cover.png,Пыльное дело отряда Альфа,9 Мбайт,20 мин.,"2023,,год"
"16,+",Алексей Дмитриев,https://i3.mybook.io/p/x378/book_covers/c2/10/c210d929-5fc3-49f9-abfc-818811ba00f3.jpg,Похитители планеты Крика,103 Мбайт,3 час. 46 мин.,"2023,,год"
"18,+",Александр Емельянов,https://i2.mybook.io/p/x378/book_covers/96/83/9683fb9d-35f5-46fa-916a-39224b780a43.jpg,Спецназ ГРУ: Выше нас — только небо! Том 3: Первый контакт,110 Мбайт,4 час. 2 мин.,"2023,,год"
"12,+",Владимир В. Кривоногов,https://i3.mybook.io/p/x378/book_covers/d8/62/d8622706-11e0-4b2c-8eab-50a4e8088154.jpg,Нулевой уровень. Книга первая,"Время чтения ≈,3,ч",94 печатные страницы,"2023,,год"
"18,+",Дмитрий Нефёдов,https://i2.mybook.io/p/x378/book_covers/e7/57/e75764d3-f7c9-42c9-afa5-e5c050423022.jpg,Проект Super EHA,38 Мбайт,1 час 24 мин.,"2023,,год"
"18,+",Александр Nooby,https://i1.mybook.io/p/x378/book_covers/51/28/51285a0d-f1af-4888-854a-cca16b24b36b.jpg,Тонкая Грань. Часть вторая,"Время чтения ≈,14,ч",558 печатных страниц,"2023,,год"
"18,+",Роман Гайнуллин,https://i2.mybook.io/p/x378/book_covers/98/a6/98a648c3-f95c-439f-98eb-d8b8d1a533dd.jpg,Полет надежды,"Время чтения ≈,6,ч",222 печатные страницы,"2023,,год"
"16,+",Светлана Чернобуркина,https://i3.mybook.io/p/x378/book_covers/2b/5f/2b5f32cd-e413-4b17-8fb6-7c8261f7c3f3.jpg,Весна. Трилогия,"Время чтения ≈,7,ч",269 печатных страниц,"2023,,год"
"16,+",Марина Рид,https://i1.mybook.io/p/x378/book_covers/2d/fd/2dfdfc6b-73db-43ca-bc2f-c80521397959.jpg,Пыльное дело отряда Альфа,"Время чтения ≈,1,ч",8 печатных страниц,"2023,,год"
"12,+",Владимир Гриньков,https://i2.mybook.io/p/x378/book_covers/74/c2/74c210a9-d661-4ac5-8dd9-05c2b76f5b31.jpg,Битва галактик,"Время чтения ≈,1,ч",11 печатных страниц,"2023,,год"
"12,+",Сергей Климов,https://i3.mybook.io/p/x378/book_covers/f2/0f/f20f6438-1139-47eb-8b66-9ce1d53e95d0.jpg,Идеология Свободы,"Время чтения ≈,4,ч",122 печатные страницы,"2023,,год"
"18,+",Сергей Белокрыльцев,https://i2.mybook.io/p/x378/book_covers/c5/b8/c5b80833-0cc8-4ae8-90ee-03398894c5fc.jpg,Звёздная Общага — 1,207 Мбайт,7 час. 33 мин.,"2023,,год"
"16,+",Юрий Шорохов,https://i1.mybook.io/p/x378/book_covers/56/05/56052201-7993-45e0-a9e8-fdefbdcb4891.jpg,Княжий ратник,51 Мбайт,1 час 52 мин.,"2023,,год"
"12,+",Константин Бахарев,https://i2.mybook.io/p/x378/book_covers/12/c6/12c6f6ea-9d6e-43af-a651-00e4b469653c.jpg,Последний заказ киллера,167 Мбайт,6 час. 6 мин.,"2023,,год"
"0,+",Марс Пушкин,https://i2.mybook.io/p/x378/book_covers/b4/aa/b4aa279c-0704-453a-bc4e-ec4e75d2e0cd.jpg,Ведьмина гора,"Время чтения ≈,2,ч",48 печатных страниц,"2023,,год"
"18,+",Алекс Лури,https://i2.mybook.io/p/x378/book_covers/ba/32/ba32ae87-4568-4391-9675-d7de0e206ad5.jpg,Космическая одиссея Антона Стрижева,150 Мбайт,5 час. 29 мин.,"2023,,год"
"18,+",Валерий Воробьёв,https://i2.mybook.io/p/x378/book_covers/54/03/5403ad54-4179-4861-9729-5d6642fe44a6.jpg,Окоп,10 Мбайт,23 мин.,"2023,,год"
"12,+",Алиса Сахарова,https://i2.mybook.io/p/x378/book_covers/86/e4/86e47696-2371-4e05-bfac-4a96e5147036.jpg,Фонтан желаний,54 Мбайт,1 час 59 мин.,"2023,,год"
"12,+",Андрей Епаня,https://i1.mybook.io/p/x378/book_covers/40/8f/408ffdaf-12d1-4909-82bb-a4c878c4f3e4.jpg,Знакомство с НМСТ,"Время чтения ≈,1,ч",8 печатных страниц,"2023,,год"
"16,+",Сергей Филиппов,https://i2.mybook.io/p/x378/book_covers/7d/59/7d59ac66-253c-497e-957d-ca3286b1af95.jpg,Предтеча,"Время чтения ≈,1,ч",6 печатных страниц,"2023,,год"
"16,+",Александр Рыжов,https://i3.mybook.io/p/x378/book_covers/73/d7/73d7475c-de12-4590-82de-11151599bd85.jpg,Пути во Вселенной,"Время чтения ≈,7,ч",276 печатных страниц,"2023,,год"
"16,+",Николай Чисторосов,https://i1.mybook.io/p/x378/book_covers/47/a1/47a19adf-9f75-4385-9fae-59c4c2f1fcf2.jpg,В чистом потоке,295 Мбайт,5 час. 22 мин.,"2023,,год"
"18,+",Леонид Штыка,https://i3.mybook.io/p/x378/book_covers/7b/c9/7bc96406-280f-47f8-9b0c-a2f180a04e42.jpg,Третий Проект,142 Мбайт,5 час. 10 мин.,"2023,,год"
"12,+",Елена Маруфенина,https://i1.mybook.io/p/x378/book_covers/c1/12/c11234d3-3558-470e-9ce5-2eaea3aa90f9.jpg,Вторая жизнь,273 Мбайт,9 час. 59 мин.,"2023,,год"
"16,+",Руслан Тенишев,https://i2.mybook.io/p/x378/book_covers/8a/17/8a1787d5-b405-4f28-baf3-9b630bb9a5cc.jpg,Временем управляет только время,100 Мбайт,3 час. 38 мин.,"2022,,год"
"16,+",Ильфат Фахриев,https://i3.mybook.io/p/x378/book_covers/8b/6f/8b6f5575-9539-45ce-a486-67641e90e1e0.jpg,Иные,93 Мбайт,3 час. 23 мин.,"2023,,год"
"18,+",Демшус Криптор,https://i1.mybook.io/p/x378/book_covers/5e/17/5e176603-a83e-473d-81db-30fd2f10e25c.jpg,Семь стражей Сириллы. Горящая кровь,290 Мбайт,10 час. 35 мин.,"2023,,год"
"18,+",Сергей Белокрыльцев,https://i2.mybook.io/p/x378/book_covers/88/13/88131337-5e81-4ac2-9131-8b1ab9c9a21d.jpg,Трагедия Павла Тувича,23 Мбайт,51 мин.,"2023,,год"
"16,+",Ильфат Фахриев,https://i1.mybook.io/p/x378/book_covers/2a/b9/2ab9e5a6-bb42-4fa2-bf30-83b6ec142e0a.jpg,Иные,"Время чтения ≈,3,ч",83 печатные страницы,"2023,,год"
"16,+",Юрий Шорохов,https://i2.mybook.io/p/x378/book_covers/97/47/9747f01e-636a-441d-b0de-554056a9482d.jpg,Княжий ратник,"Время чтения ≈,2,ч",45 печатных страниц,"2023,,год"
"18,+",Сергей Белокрыльцев,https://i1.mybook.io/p/x378/book_covers/e1/56/e156c819-f424-4feb-a3a3-c0c45aa776ca.jpg,Трагедия Павла Тувича,"Время чтения ≈,1,ч",21 печатная страница,"2023,,год"
"18,+",Сергей Белокрыльцев,https://i1.mybook.io/p/x378/book_covers/9f/f0/9ff00d52-a3db-4da9-8506-8c52395d9e15.jpg,Звёздная Общага — 1,"Время чтения ≈,5,ч",182 печатные страницы,"2023,,год"
"18,+",Виталий Конторщиков,https://i1.mybook.io/p/x378/book_covers/5a/b0/5ab09148-7c02-407a-832f-ac61f82fe737.jpg,Макс Охотник. Книга вторая,"Время чтения ≈,9,ч",326 печатных страниц,"2023,,год"
"16,+",Ирина Брестер,https://i2.mybook.io/p/x378/book_covers/e7/ac/e7acdc61-3c8a-4c3f-b385-1e0aeca396ed.jpg,Алиса выросла и стала взрослой,305 Мбайт,5 час. 33 мин.,"2023,,год"
"18,+",Алекс Лури,https://i2.mybook.io/p/x378/book_covers/6e/91/6e916597-0996-44e0-bfa8-c6fcda6f0415.jpg,Космическая одиссея Антона Стрижева,"Время чтения ≈,4,ч",134 печатные страницы,"2023,,год"
"16,+",Геннадий Источник,https://i3.mybook.io/p/x378/book_covers/78/c2/78c27cfc-4b41-4e7a-b7e0-766d781aeeb3.jpg,"Альфа: Не такой, как наш… ТОМ 1",446 Мбайт,16 час. 17 мин.,"2023,,год"
"16,+",Геннадий Источник,https://i3.mybook.io/p/x378/book_covers/ce/35/ce35b099-3e59-4510-a0ad-9ba7983e1aff.jpg,"Альфа: Не такой, как наш… Том 2",371 Мбайт,13 час. 32 мин.,"2023,,год"
"12,+",Константин Бахарев,https://i2.mybook.io/p/x378/book_covers/61/d6/61d6ec4a-0554-4cc1-b4e1-3ede9068710d.jpg,Последний заказ киллера,"Время чтения ≈,4,ч",152 печатные страницы,"2023,,год"
"12,+",Елена Щигорцова,https://i3.mybook.io/p/x378/book_covers/dd/52/dd5293c2-0034-4e3a-b4a1-db717498c185.jpg,Копытце чёрта,"Время чтения ≈,1,ч",5 печатных страниц,"2023,,год"
"12,+",Елена Щигорцова,https://i2.mybook.io/p/x378/book_covers/f1/e9/f1e926f4-c208-4f95-92e7-0adbd9051878.jpg,Учительница,"Время чтения ≈,1,ч",5 печатных страниц,"2023,,год"
"18,+",Роман Игнатьев,https://i2.mybook.io/p/x378/book_covers/33/1e/331e6c15-966d-44b8-bee4-e63c167cca58.jpg,Скиталец в полях асфоделей,"Время чтения ≈,7,ч",265 печатных страниц,"2023,,год"
"16,+",Леди Дракнесс,https://i1.mybook.io/p/x378/book_covers/b8/99/b899faee-965a-4314-9ca8-271484cd2ebe.jpg,Средь бесконечной череды созвездий. Книга 2. Гатилайя,147 Мбайт,5 час. 22 мин.,"2023,,год"
"16,+",Андрей Васютин,https://i1.mybook.io/p/x378/book_covers/ee/91/ee9194d5-89d9-4a88-9ca3-8e35447d415b.jpg,Нейроклеть,"Время чтения ≈,4,ч",124 печатные страницы,"2023,,год"
"16,+",Татьяна Смирнова,https://i1.mybook.io/p/x378/book_covers/48/09/480924e5-a5bc-4e6e-ad28-68a5e45cc6f1.jpg,Разбудили богатырей. Русское фэнтези,40 Мбайт,1 час 29 мин.,"2023,,год"
"12,+",Игорь Фадеев,https://i3.mybook.io/p/x378/book_covers/9d/87/9d87ff5f-e7ab-48b8-8868-76d7774ba47c.jpg,"Женя, Квас, Нытик во внутреннем мире","Время чтения ≈,4,ч",139 печатных страниц,"2023,,год"
"12,+",Василий Королев,https://i2.mybook.io/p/x378/book_covers/12/99/1299bb34-555c-483e-9c5d-976a9ba4a749.jpg,Параллели,310 Мбайт,11 час. 19 мин.,"2023,,год"
"18,+",Антон Москвин,https://i3.mybook.io/p/x378/book_covers/3d/12/3d12d7bd-fa91-4da1-bf40-7a3d5cb3ba0b.jpg,Психиатрический детектив: больше 300 000 символов,253 Мбайт,9 час. 14 мин.,"2023,,год"
"12,+",Елена Маруфенина,https://i2.mybook.io/p/x378/book_covers/d3/c2/d3c28e69-7025-4161-a8f9-e97cccde96e6.jpg,Вторая жизнь,"Время чтения ≈,7,ч",256 печатных страниц,"2023,,год"
"12,+",Владимир Иванов,https://i2.mybook.io/p/x378/book_covers/f2/1c/f21cb9fb-9f12-4840-9079-bf39ddf95a35.jpg,Снежный путь,20 Мбайт,45 мин.,"2023,,год"
"16,+",Максим Волжский,https://i1.mybook.io/p/x378/book_covers/2d/16/2d161e10-ea6b-4a9a-8128-affd7cfea207.jpg,Агентство ВремяТур,"Время чтения ≈,1,ч",25 печатных страниц,"2023,,год"
"18,+",Александр Мишкин,https://i1.mybook.io/p/x378/book_covers/70/6a/706a6c69-6396-43de-b834-543a2582e0a0.jpg,Тоннель,110 Мбайт,4 час. 2 мин.,"2023,,год"
"18,+",Александр Мишкин,https://i1.mybook.io/p/x378/book_covers/ad/0c/ad0cebf6-bc4a-4807-ae36-8b5e453124c4.jpg,Шёпот,68 Мбайт,2 час. 30 мин.,"2023,,год"
"16,+",Марина Медведева,https://i3.mybook.io/p/x378/book_covers/73/6b/736bbd71-77bf-4e8a-8c9e-fbf1e172b6a9.jpg,Стальная схватка,"Время чтения ≈,6,ч",209 печатных страниц,"2023,,год"
"12,+",Алексей Мазуров,https://i3.mybook.io/p/x378/book_covers/8f/be/8fbe93ea-c230-4a53-9fdc-081fcf17e593.jpg,Потеряшка. Разборки вендов,"Время чтения ≈,6,ч",219 печатных страниц,"2023,,год"
"18,+",Кир Неизвестный,https://i3.mybook.io/p/x378/book_covers/d0/17/d017051f-c073-4ec3-be95-b0deaa998071.jpg,Нулевой пациент,112 Мбайт,2 час. 32 мин.,"2023,,год"
"16,+",Геннадий Источник,https://i2.mybook.io/p/x378/book_covers/33/9d/339d786e-a231-4913-bb5e-b61f03d64a4a.jpg,"Альфа: Не такой, как наш… ТОМ 3","Время чтения ≈,8,ч",306 печатных страниц,"2023,,год"
"18,+",Екатерина Шитова,https://i1.mybook.io/p/x378/book_covers/ae/3b/ae3ba9be-c569-4320-90d7-707ae8d1032a.jpg,Райская обитель,154 Мбайт,2 час. 48 мин.,"2023,,год"
"18,+",Леди Дракнесс,https://i3.mybook.io/p/x378/book_covers/bc/13/bc13b51e-ccd1-415f-be6d-e3eeab5eadea.jpg,Средь бесконечной череды созвездий. Книга 5.2. Захпур,"Время чтения ≈,6,ч",222 печатные страницы,"2023,,год"
"16,+",Сергей Авдеев,https://i3.mybook.io/p/x378/book_covers/56/71/5671b39a-60f8-46bf-a022-18bb9a272033.jpg,Финтифлюшка и другие! Сборник рассказов,26 Мбайт,57 мин.,"2023,,год"
"16,+",Геннадий Источник,https://i3.mybook.io/p/x378/book_covers/da/ae/daae2ca1-8753-47bf-bb95-c34450635132.jpg,"Альфа: Не такой, как наш… ТОМ 2","Время чтения ≈,8,ч",309 печатных страниц,"2023,,год"
"12,+",Станислава Углева,https://i2.mybook.io/p/x378/book_covers/ed/de/eddee9bc-36f5-4c38-91ab-0c14871814fe.jpg,(Не) реальный сон,38 Мбайт,1 час 23 мин.,"2022,,год"
"12,+",Надежда Ожигина,https://i1.mybook.io/p/x378/book_covers/16/60/1660a252-1b7f-4aa6-b58d-3b3bb9b5c218.jpg,Игры со временем,45 Мбайт,49 мин.,"2023,,год"
"18,+",Александр Емельянов,https://i3.mybook.io/p/x378/book_covers/60/ae/60ae9c20-c556-44fd-bec8-b235a775438a.jpg,Спецназ ГРУ: Выше нас — только небо! Том 3: Первый контакт,"Время чтения ≈,3,ч",100 печатных страниц,"2023,,год"
"16,+",Дмитрий Черных,https://i3.mybook.io/p/x378/book_covers/35/f8/35f85e0b-e092-4b65-816f-410a97ba16f8.jpg,Отражение тени,288 Мбайт,10 час. 31 мин.,"2022,,год"
"18,+",Влас Сидоренко,https://i3.mybook.io/p/x378/book_covers/39/32/39329b59-04ce-454e-87a1-e78ce8342e4c.jpg,Потусторонний мир Сатаны,"Время чтения ≈,1,ч",6 печатных страниц,"2023,,год"
"12,+",Владимир Челядинов,https://i3.mybook.io/p/x378/book_covers/c5/c9/c5c97bcc-ac11-4b22-8edf-40f257b54120.jpg,Другой мир 2,127 Мбайт,4 час. 39 мин.,"2022,,год"
"16,+",Александр Артемов,https://i1.mybook.io/p/x378/book_covers/31/e8/31e8c186-87bb-4617-825a-50c6aaf3ab14.jpg,Портал,"Время чтения ≈,2,ч",70 печатных страниц,"2022,,год"
"12,+",Владимир Челядинов,https://i1.mybook.io/p/x378/book_covers/36/71/367148d8-5c0a-4e60-be10-ea1e772ccfbb.jpg,Другой мир,138 Мбайт,5 час. 3 мин.,"2022,,год"
"16,+",Яр Серебров,https://i1.mybook.io/p/x378/book_covers/c2/fd/c2fdd99b-6309-48cb-8ec8-658af4856bb9.jpg,Князь Воротынский,"Время чтения ≈,10,ч",389 печатных страниц,"2022,,год"
"16,+",Ron Star,https://i2.mybook.io/p/x378/book_covers/f5/fd/f5fd48da-2b3e-4169-85e5-0fa09e9a5758.jpg,Его величество инженер,"Время чтения ≈,9,ч",338 печатных страниц,"2023,,год"
"18,+",Дин Спейс,https://i3.mybook.io/p/x378/book_covers/59/4e/594e6a23-a5fe-4a84-b9c0-2739a62c8dc1.jpg,Месть жреца,43 Мбайт,1 час 34 мин.,"2022,,год"
"12,+",Дин Спейс,https://i1.mybook.io/p/x378/book_covers/f3/87/f3871b56-6604-4b00-bc0c-70347965987e.jpg,Токи Земли,36 Мбайт,1 час 19 мин.,"2022,,год"
"16,+",Максим Кротов,https://i1.mybook.io/p/x378/book_covers/cf/55/cf550ba3-b9eb-4a9e-af53-a99e5f8a2ba2.jpg,Последний Ментор,291 Мбайт,10 час. 35 мин.,"2022,,год"
"18,+",Август Ахо,https://i3.mybook.io/p/x378/book_covers/2e/c8/2ec8612e-c5dc-46f5-9f61-8c547bf23366.jpg,Враги Человечества,173 Мбайт,6 час. 19 мин.,"2022,,год"
"12,+",Ron Star,https://i3.mybook.io/p/x378/book_covers/d4/c1/d4c117c4-6906-4880-ae6c-90bdc4b95ee9.jpg,Из рабов в бароны,"Время чтения ≈,11,ч",407 печатных страниц,"2023,,год"
"16,+",Роман Искаев,https://i3.mybook.io/p/x378/book_covers/99/3e/993e0afe-6533-4c93-80e9-ac1af3b11668.jpg,Созерцательная фантастика,228 Мбайт,8 час. 20 мин.,"2022,,год"
"16,+",Надин Баго,https://i2.mybook.io/p/x378/book_covers/01/95/019588e8-a14e-4f7e-9eac-e82d8ec1af11.jpg,Время шестых,101 Мбайт,3 час. 40 мин.,"2022,,год"
"16,+",Сергей Уткин,https://i1.mybook.io/p/x378/book_covers/29/5d/295d37e6-16cf-4105-9a4d-1004c92314f8.jpg,Будни завтрашнего дня,208 Мбайт,7 час. 36 мин.,"2022,,год"
"16,+",Геннадий Источник,https://i1.mybook.io/p/x378/book_covers/75/d9/75d958db-3937-48eb-9708-124ec25315d3.jpg,"Альфа: Не такой, как наш… ТОМ 1","Время чтения ≈,10,ч",373 печатные страницы,"2023,,год"
"16,+",Дмитрий Леонидович,https://i2.mybook.io/p/x378/book_covers/10/75/10750783-cd7e-496c-bf58-6330892f684c.jpg,Хорошие убийцы 2,258 Мбайт,9 час. 24 мин.,"2022,,год"
"18,+",Иван Кудинов,https://i2.mybook.io/p/x378/book_covers/10/5b/105b457f-c22c-4fe1-8e11-676e8622483d.jpg,Проект Люцифер: Начало,554 Мбайт,10 час. 6 мин.,"2022,,год"
"16,+",Михаил Гребенщиков,https://i1.mybook.io/p/x378/book_covers/3f/30/3f30941f-efc6-4e48-8e11-ab2c041a6298.jpg,Круг Стихий,"Время чтения ≈,7,ч",278 печатных страниц,"2023,,год"
"16,+",Кирилл Цеге,https://i2.mybook.io/p/x378/book_covers/e4/0f/e40fe805-65c7-4da3-8357-5a1ff04f1f6f.jpg,Завхоз против школьных монстров,"Время чтения ≈,1,ч",32 печатные страницы,"2022,,год"
"16,+",Анастасия Лебабина,https://i2.mybook.io/p/x378/book_covers/a6/01/a60167e5-d5eb-490a-a17f-17f655e411e2.jpg,Школьный бал 83-го. Сборник рассказов,"Время чтения ≈,1,ч",39 печатных страниц,"2022,,год"
"16,+",Денис Арзамасов,https://i1.mybook.io/p/x378/book_covers/cf/e8/cfe8490d-bdf7-49d8-8c9b-e6559902d534.jpg,Аннексия Земли. Куратор проекта,"Время чтения ≈,4,ч",157 печатных страниц,"2023,,год"
"16,+",Александр Романов,https://i1.mybook.io/p/x378/book_covers/14/32/1432aed1-39f2-4e88-82da-f2980b687d5d.jpg,Тени хищных звёзд-2. Непокорный зверь,"Время чтения ≈,8,ч",283 печатные страницы,"2023,,год"
"18,+",Станислав Воронецкий,https://i1.mybook.io/p/x378/book_covers/88/08/8808a9e5-eacf-45fb-873d-872511d17db3.jpg,Кот в сапогах,188 Мбайт,3 час. 25 мин.,"2022,,год"
"12,+",Марат Валеев,https://i2.mybook.io/p/x378/book_covers/6f/d8/6fd8fece-f855-4cd2-b6a0-1c224ad375f7.jpg,Между небом и землей,"Время чтения ≈,3,ч",81 печатная страница,"2022,,год"
"16,+",Татьяна Буглак,https://i1.mybook.io/p/x378/book_covers/23/04/2304554b-6910-404a-a41d-c8abd5c99f22.jpg,Три Л. Том 2. Люди,"Время чтения ≈,7,ч",242 печатные страницы,"2022,,год"
"12,+",Дин Спейс,https://i2.mybook.io/p/x378/book_covers/85/d5/85d5fe37-5706-45d8-8bf4-a651270c44ed.jpg,Токи Земли,"Время чтения ≈,1,ч",33 печатные страницы,"2022,,год"
"18,+",Август Ахо,https://i2.mybook.io/p/x378/book_covers/41/1c/411cad57-fa78-42fa-aedb-9947b0d88932.jpg,Враги Человечества,"Время чтения ≈,5,ч",167 печатных страниц,"2022,,год"
"18,+",Станислав Воронецкий,https://i2.mybook.io/p/x378/book_covers/0c/b6/0cb68829-89d5-4c04-895b-b710d3620d01.jpg,Кот в сапогах,"Время чтения ≈,3,ч",89 печатных страниц,"2022,,год"
"18,+",Дин Спейс,https://i1.mybook.io/p/x378/book_covers/a4/94/a494b2b8-0475-45ae-be22-7a266d8f6478.jpg,Месть жреца,"Время чтения ≈,1,ч",38 печатных страниц,"2022,,год"
"18,+",Иван Кудинов,https://i3.mybook.io/p/x378/book_covers/4b/da/4bda8110-b2df-440a-b18e-de3cbc26bcad.jpg,Проект Люцифер: Начало,"Время чтения ≈,7,ч",272 печатные страницы,"2022,,год"
"16,+",Татьяна Буглак,https://i3.mybook.io/p/x378/book_covers/de/f2/def20b84-d45a-41da-b322-22573c9b2381.jpg,Маски трёх эпох. Посланники,"Время чтения ≈,8,ч",311 печатных страниц,"2022,,год"
"16,+",Юрий Ляшов,https://i1.mybook.io/p/x378/book_covers/37/bf/37bfcac0-3546-441f-99e9-5013b3c6951b.jpg,Пепел цивилизации,"Время чтения ≈,7,ч",266 печатных страниц,"2023,,год"
"18,+",Денис Игумнов,https://i1.mybook.io/p/x378/book_covers/a5/bf/a5bf619d-7350-4c7d-b63c-efa77ab750ee.jpg,Клей,"Время чтения ≈,3,ч",96 печатных страниц,"2022,,год"
"16,+",Максим Кротов,https://i2.mybook.io/p/x378/book_covers/57/8a/578a70c1-28cd-45f2-9ef4-b3803e5c30d8.jpg,Последний Ментор,"Время чтения ≈,7,ч",253 печатные страницы,"2022,,год"
"16,+",Григорий Неделько,https://i3.mybook.io/p/x378/book_covers/fe/6d/fe6d6c53-2489-4eaf-b303-d7e44a48237b.jpg,Поворотные элементы,"Время чтения ≈,4,ч",154 печатные страницы,"2022,,год"
"12,+",Влас Комар,https://i1.mybook.io/p/x378/book_covers/49/90/4990d2f8-d7f8-45ce-abaf-34da8f16bb21.jpg,Онфимка,"Время чтения ≈,7,ч",264 печатные страницы,"2022,,год"
"16,+",Сергей Уткин,https://i2.mybook.io/p/x378/book_covers/be/b9/beb9ab6c-ede4-4144-bee2-ce9c3ac72510.jpg,Будни завтрашнего дня,"Время чтения ≈,5,ч",181 печатная страница,"2022,,год"
"16,+",Роман Искаев,https://i3.mybook.io/p/x378/book_covers/92/6e/926ede28-b512-4fd5-9ac9-5d6cd79be681.jpg,Созерцательная фантастика,"Время чтения ≈,6,ч",201 печатная страница,"2022,,год"
"18,+",Денис Игумнов,https://i3.mybook.io/p/x378/book_covers/97/a1/97a1c3c7-0a03-4cc1-94c2-164da9b13a9c.jpg,Гагана,"Время чтения ≈,4,ч",153 печатные страницы,"2022,,год"
"16,+",Надин Баго,https://i1.mybook.io/p/x378/book_covers/8a/1e/8a1e9acc-457a-4fb4-8532-0184bbb4e9db.jpg,Время шестых,"Время чтения ≈,3,ч",90 печатных страниц,"2022,,год"
"16,+",Дмитрий Воронов,https://i1.mybook.io/p/x378/book_covers/28/77/28772b9f-db4d-42c6-88bc-50fb78659f28.jpg,Акифлегма,"Время чтения ≈,3,ч",99 печатных страниц,"2022,,год"
"18,+",Денис Игумнов,https://i1.mybook.io/p/x378/book_covers/ba/99/ba995e35-4b9c-46df-8e66-04e022faed27.jpg,Моя Родина — Смерть,"Время чтения ≈,18,ч",682 печатные страницы,"2022,,год"
"18,+",Владимир Челядинов,https://i1.mybook.io/p/x378/book_covers/d2/be/d2bebf93-c0f5-4bcb-a21d-78810481f8a3.jpg,Другой мир,"Время чтения ≈,4,ч",121 печатная страница,"2023,,год"
"16,+",Сергей Эм,https://i3.mybook.io/p/x378/book_covers/28/46/2846c1f2-bcbb-4951-b214-06090acf184f.jpg,Телепортируемся. Научно-фантастические рассказы,"Время чтения ≈,2,ч",43 печатные страницы,"2022,,год"
"18,+",Виктор Аркин,https://i1.mybook.io/p/x378/book_covers/c1/c9/c1c96783-f7c0-4ef0-bd39-91ffd8507185.jpg,Выкормыши. Том первый,"Время чтения ≈,5,ч",171 печатная страница,"2022,,год"
"18,+",Татьяна Осипова,https://i2.mybook.io/p/x378/book_covers/e9/57/e9573481-b021-4465-9b0d-70551552f144.jpg,Пластилиновый урод,"Время чтения ≈,1,ч",36 печатных страниц,"2022,,год"
"18,+",Алекс Зубарев,https://i2.mybook.io/p/x378/book_covers/47/76/4776ba03-287c-4ba1-8ad6-361f5c207cb0.jpg,Дьявольский рай,"Время чтения ≈,11,ч",409 печатных страниц,"2022,,год"
"12,+",Андрей Силенгинский,https://i1.mybook.io/p/x378/book_covers/03/17/03173972-2283-491c-9145-e07b1dc7e8a3.jpg,13/13,"Время чтения ≈,6,ч",227 печатных страниц,"2022,,год"
"16,+",Евгения Басова,https://i3.mybook.io/p/x378/book_covers/d8/64/d8645ce9-a4fe-4b46-a4b8-7bb1cb63705e.jpg,Исара. Пандариум. Часть 2,"Время чтения ≈,4,ч",122 печатные страницы,"2023,,год"
"16,+",Стелла Аровски,https://i3.mybook.io/p/x378/book_covers/d0/18/d018f340-ae14-4c22-ba75-01018c26762e.jpg,Исара. Часть 1,"Время чтения ≈,5,ч",168 печатных страниц,"2024,,год"
"12,+",Валентина Крылова,https://i2.mybook.io/p/x378/book_covers/58/d4/58d490d2-8a5e-410b-910d-9e571fe18e45.jpg,Победа Солнца,12 Мбайт,13 мин.,"2022,,год"
"16,+",Валентина Алексеева,https://i2.mybook.io/p/x378/book_covers/03/70/03709e15-d6d9-49c2-9f23-b5613aaec3a7.jpg,Геоме,"Время чтения ≈,2,ч",61 печатная страница,"2022,,год"
"16,+",Татьяна Буглак,https://i3.mybook.io/p/x378/book_covers/4b/5e/4b5e12b8-9a52-4e68-b3ee-40cf2a8aff84.jpg,Три Л Том 1. Големы,"Время чтения ≈,7,ч",242 печатные страницы,"2022,,год"
"18,+",Денис Игумнов,https://i2.mybook.io/p/x378/book_covers/e8/6c/e86c34cc-dbcd-46d8-865b-e8e8c5a69e9c.jpg,Зеркало за горизонтом,"Время чтения ≈,3,ч",99 печатных страниц,"2022,,год"
"16,+",Анастасия Соколовская,https://i1.mybook.io/p/x378/book_covers/b1/0c/b10c9d84-2fce-46d6-8763-1a123edac7c7.jpg,Режим Тишины. Маятник,"Время чтения ≈,7,ч",247 печатных страниц,"2021,,год"
"16,+",Николай Остапцов,https://i1.mybook.io/p/x378/book_covers/66/fc/66fcb22e-778b-4372-ab15-ac8f3edb280c.jpg,"Игры, в которые мы играем, или Чемпионат","Время чтения ≈,1,ч",4 печатные страницы,"2021,,год"
"12,+",Николай Остапцов,https://i3.mybook.io/p/x378/book_covers/da/2c/da2cf216-f518-44d5-8156-20dab2a53101.jpg,Цейтнот,"Время чтения ≈,1,ч",10 печатных страниц,"2021,,год"
"18,+",Евгений Жданов,https://i1.mybook.io/p/x378/book_covers/3b/de/3bde4112-1d87-4f0b-93ce-21c173280f1a.jpg,Тень Рассвета,"Время чтения ≈,6,ч",237 печатных страниц,"2021,,год"
"12,+",Ксения Асатурова,https://i2.mybook.io/p/x378/book_covers/71/57/71572b04-1f40-4925-b044-ad02a22093e0.jpg,Имморталис,"Время чтения ≈,1,ч",8 печатных страниц,"2021,,год"
"18,+",Илья Морозов,https://i2.mybook.io/p/x378/book_covers/85/96/8596ec9d-1bc0-479c-b7a0-7d9b8684118c.jpg,Простые страхи,"Время чтения ≈,1,ч",16 печатных страниц,"2021,,год"
"12,+",Илия Пряничкина,https://i2.mybook.io/p/x378/book_covers/d4/da/d4da9d10-fe86-49cc-93f4-09107328b039.jpg,Я вернусь…,"Время чтения ≈,2,ч",78 печатных страниц,"2021,,год"
"18,+",Илиана Наст,https://i2.mybook.io/p/x378/book_covers/fd/7a/fd7a6c67-8430-4a66-a5e0-c12e4c75e358.jpg,Правда или заблуждение,"Время чтения ≈,2,ч",51 печатная страница,"2021,,год"
"12,+",Евгений Ветров,https://i1.mybook.io/p/x378/book_covers/a9/8d/a98ddfdd-899f-4bc6-a4d5-69d5bf0387aa.jpg,Ставр и большой переезд,"Время чтения ≈,3,ч",113 печатных страниц,"2021,,год"
"12,+",Ксения Биличук,https://i3.mybook.io/p/x378/book_covers/00/ff/00ffc263-091e-4e0c-942b-2bcb412f565f.jpg,Закрытые двери,"Время чтения ≈,9,ч",341 печатная страница,"2021,,год"
"16,+",Александра Журавлева,https://i2.mybook.io/p/x378/book_covers/ce/02/ce0248ca-64a8-457b-9d45-1050b9c6c101.jpg,Охрана труда во сне и наяву,"Время чтения ≈,1,ч",33 печатные страницы,"2022,,год"
"18,+",Константин Марков,https://i3.mybook.io/p/x378/book_covers/ae/ff/aeff0299-374e-4694-a204-f8d94de3f033.jpg,Возвращаясь к жизни? Том 3,"Время чтения ≈,10,ч",381 печатная страница,"2021,,год"
"16,+",Валерий Орловский,https://i1.mybook.io/p/x378/book_covers/bc/6b/bc6bd9ff-a65b-4a51-838c-a82b87f8c04e.jpg,Ружья и голод. Книга вторая. Дихотомия,"Время чтения ≈,7,ч",259 печатных страниц,"2021,,год"
"16,+",Анатолий Мусатов,https://i1.mybook.io/p/x378/book_covers/b8/a3/b8a33be5-41a0-4710-9522-6e51847d27c8.jpg,Аврелион,"Время чтения ≈,10,ч",372 печатные страницы,"2021,,год"
"12,+",Сергей Калашник,https://i2.mybook.io/p/x378/book_covers/2d/90/2d9003c4-c2a3-47a0-85d7-a8c87793ef91.jpg,Башня Леонова,"Время чтения ≈,1,ч",22 печатные страницы,"2022,,год"
"18,+",Юрий Рожков,https://i3.mybook.io/p/x378/book_covers/ae/eb/aeeb017b-d9a7-40db-9a76-44bbaa0622d1.jpg,Возможный шанс на жизнь. Перекресток Миров,"Время чтения ≈,2,ч",67 печатных страниц,"2021,,год"
"12,+",Петр Семенов,https://i1.mybook.io/p/x378/book_covers/dc/d7/dcd755a1-36f2-494a-b061-26e4a9d62d00.jpg,Приключения на Марсе,"Время чтения ≈,2,ч",53 печатные страницы,"2021,,год"
"12,+",Алиса Сахарова,https://i2.mybook.io/p/x378/book_covers/54/2e/542e66f2-44fd-46fc-9084-3fd26b44f77c.jpg,Фонтан желаний,"Время чтения ≈,2,ч",50 печатных страниц,"2021,,год"
"16,+",Игорь Байкалов,https://i2.mybook.io/p/x378/book_covers/3c/60/3c6026b0-fed8-450f-b5ac-1d44edf9c6cd.jpg,Последний,"Время чтения ≈,10,ч",381 печатная страница,"2021,,год"
"16,+",Александр Гайворонский,https://i1.mybook.io/p/x378/book_covers/13/2e/132e207e-2e7a-4470-8f92-b4a9a9d48439.jpg,Земные пришельцы. Книга первая. Не выходя из дома,"Время чтения ≈,6,ч",222 печатные страницы,"2022,,год"
"18,+",Макс Димур,https://i1.mybook.io/p/x378/book_covers/14/85/14856d42-ad10-4c1e-bb25-7dd69fe4cd4e.jpg,Кошачий царь. Книга первая,"Время чтения ≈,7,ч",244 печатные страницы,"2022,,год"
"16,+",Павел Данилов,https://i2.mybook.io/p/x378/book_covers/85/ff/85fffc76-a322-44da-bdc8-006643c223f8.jpg,Меценаты зла. Галактическая война,"Время чтения ≈,7,ч",266 печатных страниц,"2021,,год"
"12,+",Прокоп Сметанин,https://i3.mybook.io/p/x378/book_covers/4b/be/4bbe63c2-19b0-4e97-b902-e113fe5e43ac.jpg,"Сдаётся Земля, недорого!","Время чтения ≈,7,ч",251 печатная страница,"2021,,год"
"16,+",Максим Волжский,https://i1.mybook.io/p/x378/book_covers/db/aa/dbaa5267-3d25-4c85-9c9f-9df95792e687.jpg,В петле,"Время чтения ≈,1,ч",18 печатных страниц,"2023,,год"
"18,+",Игорь Фадеев,https://i2.mybook.io/p/x378/book_covers/ba/a6/baa6f89e-525c-4dd9-b324-350f975a5d49.jpg,Там где кошки сидят на деревьях,"Время чтения ≈,1,ч",28 печатных страниц,"2021,,год"
"16,+",Дарья Везучая,https://i3.mybook.io/p/x378/book_covers/69/40/69408eba-ed3d-4ff2-8544-cf639486a663.jpg,За пределами другой клетки,"Время чтения ≈,3,ч",94 печатные страницы,"2022,,год"
"16,+",Nikolay Lakutin,https://i3.mybook.io/p/x378/book_covers/35/b9/35b93a97-0d5e-48b8-bf26-1f58bf44a776.jpg,The enchanted chair of an unusual writer,"Время чтения ≈,1,ч",16 печатных страниц,"2021,,год"
"18,+",Сергей Моисеев,https://i2.mybook.io/p/x378/book_covers/1c/a6/1ca69d8d-1524-4a8c-b14f-fe2322351e97.jpg,Нерушимый форпост,"Время чтения ≈,12,ч",476 печатных страниц,"2023,,год"
"16,+",Бари Сыч,https://i2.mybook.io/p/x378/book_covers/d8/78/d8788f2b-6f9e-474a-9dbc-7b451ea73acf.jpg,Первый царь,"Время чтения ≈,9,ч",339 печатных страниц,"2021,,год"
"18,+",Вячеслав Сейид,https://i1.mybook.io/p/x378/book_covers/bf/bf/bfbff172-7026-46a8-820b-9012675dd1fa.jpg,За 50 лет до конца света,"Время чтения ≈,3,ч",105 печатных страниц,"2021,,год"
"18,+",Сергей Остапенко,https://i1.mybook.io/p/x378/book_covers/02/e1/02e1f9cf-3faf-4a1f-a5c9-96abc663ee94.jpg,Заговор 2020,"Время чтения ≈,2,ч",63 печатные страницы,"2023,,год"
"18,+",Сергей Лысков,https://i1.mybook.io/p/x378/book_covers/29/b6/29b62546-673a-4a80-8a95-c67f49acc804.jpg,Смайлик человечеству,"Время чтения ≈,1,ч",12 печатных страниц,"2021,,год"
"18,+",Андрей Малахов,https://i2.mybook.io/p/x378/book_covers/75/9a/759ac061-cae6-45de-ae64-793079dc5ac4.jpg,Слепые земли,"Время чтения ≈,1,ч",38 печатных страниц,"2021,,год"
"16,+",Тёма Устинов,https://i3.mybook.io/p/x378/book_covers/e8/48/e8487ddc-3eaf-43e3-93a7-b5630182acf0.jpg,Сверхлюди,"Время чтения ≈,4,ч",146 печатных страниц,"2020,,год"
"16,+",Сергей Авдеев,https://i3.mybook.io/p/x378/book_covers/f7/9a/f79af31a-071e-40c3-b805-b48399689c60.jpg,Финтифлюшка и другие! Сборник рассказов,"Время чтения ≈,1,ч",24 печатные страницы,"2022,,год"
"16,+",Галина Полынская,https://i3.mybook.io/p/x378/book_covers/45/02/4502db2d-f349-4b2d-ab71-d1cd75335314.jpg,Чужая звезда Бетельгейзе,"Время чтения ≈,6,ч",213 печатных страниц,"2020,,год"
"16,+",Марат Гумиров,https://i3.mybook.io/p/x378/book_covers/53/87/53873a43-1d46-4772-b8d8-ab5ae603c6da.jpg,Проклятия от Якува,"Время чтения ≈,1,ч",10 печатных страниц,"2020,,год"
"16,+",Евгений Королев,https://i2.mybook.io/p/x378/book_covers/54/31/5431bf0f-fc88-4d98-8f27-43afa5113509.jpg,Узурпатор,"Время чтения ≈,1,ч",12 печатных страниц,"2020,,год"
"16,+",Рутра Пасхов,https://i2.mybook.io/p/x378/book_covers/33/20/3320df21-fbc3-4469-ae23-e12653ee24b3.jpg,"Квантовая запутанность, или Рок судьбы","Время чтения ≈,5,ч",188 печатных страниц,"2023,,год"
"12,+",Александр Миронов,https://i2.mybook.io/p/x378/book_covers/6e/3e/6e3e530d-3415-4d73-94cd-cdf123e95ed3.jpg,Весеннее обострение,"Время чтения ≈,3,ч",118 печатных страниц,"2020,,год"
"6,+",Алекс Зубарев,https://i2.mybook.io/p/x378/book_covers/93/d8/93d8337f-e033-4ada-9098-1f964c2d9ac1.jpg,Апокалипсис,"Время чтения ≈,14,ч",551 печатная страница,"2020,,год"
"16,+",Ник Алнек,https://i2.mybook.io/p/x378/book_covers/33/e0/33e0930f-dda1-429e-8e2a-7da1b2e25579.jpg,Бесконечная игра,"Время чтения ≈,1,ч",28 печатных страниц,"2020,,год"
"12,+","Кирилл Водинов,,,Виктор Краснов,21 соавтор",https://i3.mybook.io/p/x378/book_covers/28/e7/28e7ef08-d989-47d4-b1c6-c9983009b56a.jpg,#Некнига. Сборник № 1. Фантастика,"Время чтения ≈,6,ч",221 печатная страница,"2020,,год"
"16,+",Ник Алнек,https://i3.mybook.io/p/x378/book_covers/0f/69/0f69c458-14ac-42d5-835c-ce5b7f9e778d.jpg,Золотая клетка,"Время чтения ≈,1,ч",32 печатные страницы,"2020,,год"
"18,+",Ник Алнек,https://i2.mybook.io/p/x378/book_covers/9c/e3/9ce3e4ca-c99e-4e8d-a54f-14010c546cdd.jpg,Община,"Время чтения ≈,2,ч",55 печатных страниц,"2020,,год"
"18,+",Ник Алнек,https://i3.mybook.io/p/x378/book_covers/5a/8a/5a8a5d22-c9b9-4cd0-9565-96b10a7e4c7a.jpg,Другая жизнь,"Время чтения ≈,2,ч",50 печатных страниц,"2020,,год"
"18,+",Ник Алнек,https://i3.mybook.io/p/x378/book_covers/4f/9a/4f9a482d-f425-448d-b2bc-80a23f0e41b6.jpg,Дыхание Творца,"Время чтения ≈,4,ч",153 печатные страницы,"2020,,год"
"16,+",Ник Алнек,https://i2.mybook.io/p/x378/book_covers/7b/8b/7b8b522d-a202-44dd-b3e1-c09adb18eec9.jpg,Адвокат,"Время чтения ≈,1,ч",26 печатных страниц,"2020,,год"
"18,+",Ник Алнек,https://i1.mybook.io/p/x378/book_covers/8f/3c/8f3c93bb-929b-4402-afed-05a4a94e6c1f.jpg,Детектив Роу,"Время чтения ≈,1,ч",24 печатные страницы,"2020,,год"
"16,+",Валерий Орловский,https://i1.mybook.io/p/x378/book_covers/b7/99/b799e2c3-7fd9-418f-84de-d0ea6bd09d9e.jpg,Ружья и голод. Книга первая. Храмовник,"Время чтения ≈,7,ч",271 печатная страница,"2020,,год"
"6,+",Елизавета Затямина,https://i1.mybook.io/p/x378/book_covers/26/54/2654bc48-1815-4c2f-b3c9-51625ef15ecb.jpg,Добро пожаловать в зоопарк,"Время чтения ≈,1,ч",10 печатных страниц,"2020,,год"
"16,+","Павел Беляев,Алексей Беляев",https://i2.mybook.io/p/x378/book_covers/7c/b8/7cb8a03d-c656-4136-9092-1f5cd449fab6.jpg,Ловушка для траппера,"Время чтения ≈,4,ч",136 печатных страниц,"2021,,год"
"12,+",Надежда Гусева,https://i1.mybook.io/p/x378/book_covers/f1/8b/f18bd754-d55a-4a55-89e7-ae7c5e03638c.jpg,Месяц в библиотеке,13 Мбайт,14 мин.,"2020,,год"
"16,+","Михаил Вильдт,Людвиг Вильдт",https://i3.mybook.io/p/x378/book_covers/3d/25/3d25bc8f-8da0-4530-a4ea-90563ca7105c.jpg,Большая игра в рукаве Ориона. Роман второй. Золотое дно,"Время чтения ≈,5,ч",169 печатных страниц,"2020,,год"
"18,+",Д Булгаков,https://i2.mybook.io/p/x378/book_covers/9e/ba/9eba75cd-756f-44fa-b0d2-bc75534dccd9.jpg,Общие соображения о разумности землян,"Время чтения ≈,1,ч",17 печатных страниц,"2020,,год"
"16,+",Светлана Дильман,https://i1.mybook.io/p/x378/book_covers/1e/cc/1ecccbb7-00a1-4d3a-9e91-24b88d250d10.jpg,Аристарх Романов остается один,"Время чтения ≈,1,ч",9 печатных страниц,"2020,,год"
"16,+",Леди Дракнесс,https://i3.mybook.io/p/x378/book_covers/ce/70/ce706ef3-6b0b-4294-95be-98a0eae9219d.jpg,Средь бесконечной череды созвездий. Книга 2. Гатилайя,"Время чтения ≈,4,ч",144 печатные страницы,"2022,,год"
"16,+",Ольга Ермолаева,https://i3.mybook.io/p/x378/book_covers/b8/65/b865ac34-8d2b-4e2f-8806-192b5e587d2d.jpg,Путь к неизведанному,"Время чтения ≈,1,ч",8 печатных страниц,"2020,,год"
"12,+",Андрей Алексеенко,https://i3.mybook.io/p/x378/book_covers/47/dc/47dc78f2-f777-4ffb-95aa-c89e8f30d573.jpg,Матовый мир,"Время чтения ≈,1,ч",6 печатных страниц,"2019,,год"
"18,+",Сергей Гончаров,https://i2.mybook.io/p/x378/book_covers/7e/ee/7eeea5a4-9b5c-4563-956d-74228133137c.jpg,Последний берег,"Время чтения ≈,6,ч",219 печатных страниц,"2021,,год"
"16,+",Серж Бэст,https://i3.mybook.io/p/x378/book_covers/06/eb/06eb473b-4f5b-48ce-8588-708730860de1.jpg,Планета Оксолег,"Время чтения ≈,8,ч",283 печатные страницы,"2019,,год"
"16,+",Сергей Патрушев,https://i1.mybook.io/p/x378/book_covers/64/75/6475ec96-6482-4106-afef-50abb0d82443.jpg,7 грешников,"Время чтения ≈,3,ч",81 печатная страница,"2024,,год"
"12,+",Владимир Шорохов,https://i3.mybook.io/p/x378/book_covers/dd/fe/ddfe4d88-2f2c-414f-bc39-d87375e06720.jpg,Амбарная книга,"Время чтения ≈,2,ч",68 печатных страниц,"2023,,год"
"16,+",Елена Ворон,https://i2.mybook.io/p/x378/book_covers/0e/0e/0e0eae32-1590-43b6-8d25-ba30338b8f70.jpg,Зеркала и галактики,"Время чтения ≈,33,ч",1 289 печатных страниц,"2018,,год"
"18,+",Ильфат Фахриев,https://i3.mybook.io/p/x378/book_covers/5d/29/5d29c0a7-2ba7-4d02-a2ab-2b430b51c286.jpg,Землескреб. Выхода нет,"Время чтения ≈,1,ч",10 печатных страниц,"2024,,год"
"12,+",Артем Калинин,https://i1.mybook.io/p/x378/book_covers/59/5f/595fc3de-81ac-4c05-bad2-7f6a51e699d4.jpg,Планета теней. Часть Первая,"Время чтения ≈,2,ч",59 печатных страниц,"2019,,год"
"12,+",Ирина Юсупова,https://i2.mybook.io/p/x378/book_covers/62/fc/62fc73b8-5264-4e02-80cb-07a05b830f7c.jpg,Расскажи мне обо мне…,"Время чтения ≈,4,ч",158 печатных страниц,"2018,,год"
"18,+",Людмила Ударцева,https://i3.mybook.io/p/x378/book_covers/1c/82/1c8274ac-d4ff-4eb8-bc35-f03c008c90e8.jpg,Не хочу быть героем. Дивьи люди,"Время чтения ≈,4,ч",139 печатных страниц,"2021,,год"
"16,+",Елена Медведева,https://i3.mybook.io/p/x378/book_covers/a5/d5/a5d527c7-6720-4d45-8232-75034787a96a.jpg,Угроза № 4,"Время чтения ≈,3,ч",118 печатных страниц,"2019,,год"
"18,+",Ольга Чепишко,https://i3.mybook.io/p/x378/book_covers/e6/da/e6dabe82-2c04-416d-9e3f-417867c1042c.jpg,Живчик,"Время чтения ≈,4,ч",121 печатная страница,"2023,,год"
"16,+",Кристина Фант,https://i3.mybook.io/p/x378/book_covers/9e/3e/9e3e4957-3522-4408-9213-fd97e0aca9a8.jpg,Бывший вне игры,121 Мбайт,2 час. 12 мин.,"2023,,год"
"18,+",Татьяна Снежко,https://i3.mybook.io/p/x378/book_covers/1b/84/1b84de95-e12f-42dc-b003-b383a23a6eaf.jpg,Заложница Шумера,476 Мбайт,8 час. 39 мин.,"2022,,год"
"16,+",Михаил Журавлёв,https://i3.mybook.io/p/x378/book_covers/1d/76/1d76cb6c-92db-429e-bab0-1a038ff200fd.jpg,Сила Времени,"Время чтения ≈,6,ч",220 печатных страниц,"2023,,год"
"12,+",Айна Бояркина,https://i1.mybook.io/p/x378/book_covers/c0/1e/c01edddb-793e-4155-bd63-f9b2177a98fb.jpg,Аяша,"Время чтения ≈,2,ч",40 печатных страниц,"2022,,год"
"12,+",Кир Роунд,https://i3.mybook.io/p/x378/book_covers/bc/fd/bcfd4e62-8740-4af3-bd48-c7b8c9dfb28d.jpg,Что это было?,"Время чтения ≈,1,ч",20 печатных страниц,"2023,,год"
"16,+",Екатерина Широкова,https://i2.mybook.io/p/x378/book_covers/9f/d8/9fd8ad7c-9583-49e9-a3af-d807f1e0e745.jpg,"Ангелов недооценивают, не правда ли?","Время чтения ≈,3,ч",108 печатных страниц,"2022,,год"
"18,+",Александр Емельянов,https://i1.mybook.io/p/x378/book_covers/e9/9d/e99dcadb-a269-49ad-be92-9430ebb08b1c.jpg,Регент империи: на переломе веков,"Время чтения ≈,3,ч",117 печатных страниц,"2023,,год"
"18,+",Александр Колокольников,https://i3.mybook.io/p/x378/book_covers/f2/00/f200fb7c-d9bd-4152-8add-193091df4bdb.jpg,Древоходец. Книга вторая. Вместе с дублем,"Время чтения ≈,9,ч",334 печатные страницы,"2023,,год"
"12,+",Игорь Соловьев,https://i3.mybook.io/p/x378/book_covers/b2/e6/b2e6d0d2-ea53-4fd4-872f-83abd61e119f.jpg,Эхо телепортации,"Время чтения ≈,1,ч",39 печатных страниц,"2023,,год"
"0,+",Елена Медведева,https://i2.mybook.io/p/x378/book_covers/c1/cb/c1cb9bcb-ff6a-481e-b98b-5ac5b6ec45a4.jpg,Невероятные детективные истории — 2,"Время чтения ≈,4,ч",150 печатных страниц,"2019,,год"
"16,+",Сергей Варлашин,https://i2.mybook.io/p/x378/book_covers/d7/89/d789c724-4fdd-49f0-adf8-04485a854115.jpg,Волчек,144 Мбайт,5 час. 16 мин.,"2024,,год"
"16,+",Наталья Пашова,https://i3.mybook.io/p/x378/book_covers/bb/28/bb287644-078d-4996-bf20-1c940f8766fe.jpg,Любовь из Ада. Часть 2,"Время чтения ≈,4,ч",135 печатных страниц,"2024,,год"
"16,+",Кристиан Бэд,https://i3.mybook.io/p/x378/book_covers/fb/62/fb62ae33-7c53-4557-9a97-a6c6470cf113.jpg,"Спасай, Петрович!","Время чтения ≈,1,ч",24 печатные страницы,"2023,,год"
"0,+",Елена Медведева,https://i1.mybook.io/p/x378/book_covers/ca/41/ca41644d-8534-4aec-80b9-94c875b145ab.jpg,Невероятные детективные истории,"Время чтения ≈,8,ч",293 печатные страницы,"2019,,год"
"18,+",Ольга Чепишко,https://i1.mybook.io/p/x378/book_covers/eb/a0/eba09d08-42f9-4d10-8064-92f956eb20ff.jpg,Живчик,129 Мбайт,4 час. 43 мин.,"2022,,год"
"18,+",Елена Медведева,https://i1.mybook.io/p/x378/book_covers/25/1d/251dbe1d-73e5-4e65-b389-9ce4d8c08cb1.jpg,Мата Хари и ядерная кнопка,"Время чтения ≈,4,ч",137 печатных страниц,"2019,,год"
"18,+",Дмитрий Какойтатам,https://i3.mybook.io/p/x378/book_covers/3f/69/3f694944-4215-4574-9967-810c4872440a.jpg,Фиалетавая чупакабра,"Время чтения ≈,1,ч",2 печатные страницы,"2023,,год"
"6,+",Изабелла Зоткина,https://i1.mybook.io/p/x378/book_covers/9f/69/9f69e0a7-8707-4471-9bec-e765225180d5.jpg,Страна пупучек,96 Мбайт,1 час 44 мин.,"2023,,год"
"18,+",Александр Емельянов,https://i1.mybook.io/p/x378/book_covers/2c/4f/2c4fff49-abb6-49fc-9aae-eb2f130f8489.jpg,Месть. Том 3. Реконкиста,76 Мбайт,2 час. 46 мин.,"2023,,год"
"16,+",Александр Чечитов,https://i1.mybook.io/p/x378/book_covers/b6/d4/b6d4a28f-a2e1-4808-8ede-9feb374442a7.jpg,Горбоголовые,"Время чтения ≈,1,ч",12 печатных страниц,"2024,,год"
"12,+",Pauk Zver,https://i2.mybook.io/p/x378/book_covers/36/2d/362dc71a-0658-4631-887c-aa0da9965812.jpg,Тёмные дела мэра…,"Время чтения ≈,1,ч",2 печатные страницы,"2023,,год"
"18,+",Алекс Новый,https://i2.mybook.io/p/x378/book_covers/f8/cf/f8cff8fa-01c4-471a-9a69-b412baee7322.jpg,8. Аэли,"Время чтения ≈,1,ч",37 печатных страниц,"2024,,год"
"12,+",Полина Люро,https://i1.mybook.io/p/x378/book_covers/93/62/9362df37-96e4-49aa-b550-c92342b9bdca.jpg,"Держись, внучок!","Время чтения ≈,1,ч",10 печатных страниц,"2023,,год"
"16,+",Александр Чечитов,https://i1.mybook.io/p/x378/book_covers/fe/ee/feeef31e-4870-4c6f-b01e-75786e4edf32.jpg,Техасский паук,"Время чтения ≈,1,ч",5 печатных страниц,"2023,,год"
"16,+",Николай Бершицкий,https://i3.mybook.io/p/x378/book_covers/93/12/93121751-3a0f-4eb0-b2a5-52e1d43ee1db.jpg,Один в поле воин,"Время чтения ≈,1,ч",9 печатных страниц,"2023,,год"
"16,+",Кристина Фант,https://i2.mybook.io/p/x378/book_covers/91/d7/91d7c0d4-0056-481a-b53a-b72e22f9b109.jpg,Бывший вне игры,"Время чтения ≈,2,ч",53 печатные страницы,"2023,,год"
"18,+",Voka Rami,https://i3.mybook.io/p/x378/book_covers/d6/28/d6284ba2-b342-4cca-85a6-6b4a3c8a1207.jpg,Перерождённые. Квадриптих 3. Рождённые для войны,"Время чтения ≈,1,ч",29 печатных страниц,"2023,,год"
"12,+",Надежда Храмушина,https://i3.mybook.io/p/x378/book_covers/93/68/93681ef5-00bd-4179-8836-bc7cd71484f1.jpg,Мостя,"Время чтения ≈,4,ч",127 печатных страниц,"2023,,год"
"16,+",Семён Королёв,https://i3.mybook.io/p/x378/book_covers/f9/d7/f9d74b53-db7f-4573-a983-f6455814eead.jpg,Смертельная кастрюля,"Время чтения ≈,6,ч",229 печатных страниц,"2023,,год"
"18,+",Александр Емельянов,https://i1.mybook.io/p/x378/book_covers/5e/9d/5e9de6a9-202e-4fa9-ad17-8cb1b6cd7415.jpg,Месть. Том 3. Реконкиста,"Время чтения ≈,2,ч",69 печатных страниц,"2023,,год"
"18,+",Voka Rami,https://i2.mybook.io/p/x378/book_covers/0d/a9/0da94deb-30aa-4c8f-96d5-2f757f771be8.jpg,Перерождённые. Квадриптих 4. Обретший небеса,"Время чтения ≈,1,ч",15 печатных страниц,"2023,,год"
"18,+",Voka Rami,https://i3.mybook.io/p/x378/book_covers/80/ef/80efcd2c-9457-4d4d-b42d-aef420274eea.jpg,Перерождённые. Квадриптих 2. Угроза,"Время чтения ≈,2,ч",44 печатные страницы,"2023,,год"
"18,+",Voka Rami,https://i2.mybook.io/p/x378/book_covers/85/99/85996e89-fd68-4248-b61f-67b9e54c8ee9.jpg,Перерождённые. Квадриптих 1. Прорыв,"Время чтения ≈,1,ч",27 печатных страниц,"2023,,год"
"16,+",Светлана Завьялова,https://i1.mybook.io/p/x378/book_covers/79/b6/79b61e52-eca5-41b7-8279-45b1fb819424.jpg,Не выходи из комнаты,"Время чтения ≈,1,ч",2 печатные страницы,"2023,,год"
"16,+",Алексей Безруких,https://i1.mybook.io/p/x378/book_covers/16/b9/16b9d781-099c-4a38-b3c5-951a5c9200b2.jpg,Часы,"Время чтения ≈,2,ч",54 печатные страницы,"2023,,год"
"12,+",Айна Бояркина,https://i3.mybook.io/p/x378/book_covers/1f/5e/1f5e31b6-dcf0-40f2-ad7b-4ca4a54bb4e5.jpg,Аяша,45 Мбайт,1 час 38 мин.,"2022,,год"
"6,+",Наталья Колодезная,https://i1.mybook.io/p/x378/book_covers/57/61/57611a28-5e05-47b3-9016-c8243c0bb1de.jpg,Ведёркины на тропе времени,"Время чтения ≈,3,ч",90 печатных страниц,"2023,,год"
"16,+",Алексей Безруких,https://i2.mybook.io/p/x378/book_covers/75/d0/75d0c597-d31c-407f-8ea4-54cee84ec641.jpg,Сам в себе режиссёр,"Время чтения ≈,1,ч",17 печатных страниц,"2023,,год"
"12,+",Анастасия Барабошкина,https://i1.mybook.io/p/x378/book_covers/92/04/92046532-85c5-4baf-93bf-f8f08ef3dad6.jpg,Тоскливая вода,"Время чтения ≈,2,ч",41 печатная страница,"2023,,год"
"6,+",Дионисий Козлов,https://i3.mybook.io/p/x378/book_covers/5a/0d/5a0d4a8f-cfd3-4a78-be8e-ce9e7aa7df5a.jpg,И свет рождается во тьме,"Время чтения ≈,1,ч",27 печатных страниц,"2023,,год"
"16,+",Уна Сыч,https://i2.mybook.io/p/x378/book_covers/09/d1/09d1583b-acba-4695-8430-af119a5faa98.jpg,Проект: Небо,"Время чтения ≈,2,ч",52 печатные страницы,"2023,,год"
"18,+",Виктория Дорофеева,https://i3.mybook.io/p/x378/book_covers/ba/03/ba03221f-1e1b-40ad-8c3c-7bcc794aa61f.jpg,Сын фермера,112 Мбайт,4 час. 4 мин.,"2023,,год"
"6,+",Изабелла Зоткина,https://i1.mybook.io/p/x378/book_covers/90/7e/907e334c-c93a-400d-a5f6-7e58de1a3c54.jpg,Страна пупучек,"Время чтения ≈,2,ч",64 печатные страницы,"2023,,год"
"16,+",Егор Якубович,https://i1.mybook.io/p/x378/book_covers/70/fe/70fee4fa-2cdf-4a52-8383-d44922b83a71.jpg,Схемы и струны,119 Мбайт,2 час. 9 мин.,"2022,,год"
"12,+",Илья Постолаки,https://i3.mybook.io/p/x378/book_covers/c9/12/c91212de-461a-4331-829a-c7e1f65539ef.jpg,День и Ночь,5 Мбайт,13 мин.,"2022,,год"
"12,+",Анна Жеренкова,https://i2.mybook.io/p/x378/book_covers/ed/ef/edefd522-b946-4616-af6b-b6ce5da8ecb4.jpg,Фиолетовый туман,"Время чтения ≈,2,ч",68 печатных страниц,"2022,,год"
"16,+",Егор Якубович,https://i1.mybook.io/p/x378/book_covers/3c/1c/3c1c9358-bde2-451f-b9e2-323189e0f0d6.jpg,Схемы и струны,"Время чтения ≈,2,ч",63 печатные страницы,"2023,,год"
"16,+",Сергей Варлашин,https://i2.mybook.io/p/x378/book_covers/ab/87/ab87abbd-0a9b-437e-854b-3ac7921a2285.jpg,Волчек,"Время чтения ≈,4,ч",134 печатные страницы,"2023,,год"
"12,+",Олег Сурай,https://i2.mybook.io/p/x378/book_covers/34/1d/341dd930-21ff-4655-b88a-2d9e6bef3c59.jpg,Спасибо,98 Мбайт,1 час 47 мин.,"2022,,год"
"16,+",Петр Семенов,https://i1.mybook.io/p/x378/book_covers/08/80/08809a91-04c4-4363-ad6b-6e69f3c64a7d.jpg,Горная лаванда,"Время чтения ≈,2,ч",58 печатных страниц,"2022,,год"
"16,+",Андрей Косулин,https://i3.mybook.io/p/x378/book_covers/ba/ec/baec6b75-9785-4b49-8a5d-ee0e78832ffb.jpg,Если бы я остался,19 Мбайт,21 мин.,"2022,,год"
"16,+",Андрей Косулин,https://i2.mybook.io/p/x378/book_covers/59/b9/59b918ed-a69e-4335-a57e-67eb40721977.jpg,Если бы я остался,"Время чтения ≈,1,ч",7 печатных страниц,"2022,,год"
"18,+",Денис Бутин,https://i3.mybook.io/p/x378/book_covers/da/a9/daa92720-8cd9-4610-9883-bce9283f98fd.jpg,2024 год,"Время чтения ≈,1,ч",35 печатных страниц,"2022,,год"
"12,+",Егор Кириченко,https://i2.mybook.io/p/x378/book_covers/95/87/9587f12d-11fc-445c-b2a9-f9ac9953c9ea.jpg,Агенты компании МИРЫ. День хауса. РИ,"Время чтения ≈,9,ч",333 печатные страницы,"2022,,год"
"16,+",Алексей Тырышкин,https://i1.mybook.io/p/x378/book_covers/dc/e7/dce70f17-bb5a-4d80-b680-f30df1c4fd35.jpg,Большая Связь,"Время чтения ≈,10,ч",380 печатных страниц,"2021,,год"
"16,+",Виктория Дорофеева,https://i3.mybook.io/p/x378/book_covers/08/b0/08b0c037-b79d-4c3e-be91-91925ad4bb1e.jpg,"Странные люди, порой великие. Сын фермера","Время чтения ≈,3,ч",96 печатных страниц,"2023,,год"
"0,+",Мадина Кеберлейн,https://i1.mybook.io/p/x378/book_covers/23/42/2342ebc8-e309-4dc9-9084-c51d9cc740c3.jpg,На поиски Тыковкина,"Время чтения ≈,1,ч",11 печатных страниц,"2021,,год"
"12,+",Лина Лирой,https://i3.mybook.io/p/x378/book_covers/93/38/933890c5-0ea8-4fe4-8960-5e9f226f2a56.jpg,Ворожей,"Время чтения ≈,1,ч",10 печатных страниц,"2021,,год"
"12,+",Олег Сурай,https://i2.mybook.io/p/x378/book_covers/d8/7d/d87dce62-0357-4bb8-9f43-edb685ee3cbd.jpg,Спасибо,"Время чтения ≈,2,ч",44 печатные страницы,"2021,,год"
"16,+",Маделин Роуз,https://i2.mybook.io/p/x378/book_covers/36/64/36646f34-450e-4768-ba8f-838f2c07d090.jpg,Когда дерутся боги. Часть 1,"Время чтения ≈,5,ч",169 печатных страниц,"2021,,год"
"16,+",Маделин Роуз,https://i3.mybook.io/p/x378/book_covers/6f/af/6fafbf55-d505-4a35-9fc5-d05e96c7628f.jpg,Когда дерутся Боги. Часть 2,"Время чтения ≈,4,ч",152 печатные страницы,"2021,,год"
"12,+",Ирина Тарасова,https://i1.mybook.io/p/x378/book_covers/bf/54/bf5479bd-bc96-419f-86cd-734967300ae1.jpg,Вита и поиск ключа,"Время чтения ≈,12,ч",442 печатные страницы,"2022,,год"
"12,+",Дмитрий Мартынов,https://i3.mybook.io/p/x378/book_covers/fc/b0/fcb0bdf6-e1bb-450c-8c99-e77444295a16.jpg,Звёздный юнга. Первый полёт (сборник рассказов),"Время чтения ≈,7,ч",241 печатная страница,"2021,,год"
"12,+",Владимир Корешков,https://i2.mybook.io/p/x378/book_covers/9c/f9/9cf9a22c-8cba-4363-904e-4ac21679ddc8.jpg,Чудные чудеса,"Время чтения ≈,1,ч",16 печатных страниц,"2020,,год"
"18,+",Ник Алнек,https://i1.mybook.io/p/x378/book_covers/15/f9/15f97ea7-ec42-4e20-93dd-94341e4e5ff8.jpg,Нет пути назад,"Время чтения ≈,4,ч",158 печатных страниц,"2020,,год"
